id,timestamp,station,pm25,pm10,no2,so2,o3,co,temperature,humidity,aqi
11,2026-03-28 02:00:00,"ITI Shahdra, Jhilmil Industrial Area, Delhi, Delhi, India",134,87,16.9,4.2,4.1,,,,
12,2026-03-28 02:00:00,"ITI Shahdra, Jhilmil Industrial Area, Delhi, Delhi, India",134,87,16.9,4.2,4.1,,,,
13,2026-03-28 03:00:00,"ITI Shahdra, Jhilmil Industrial Area, Delhi, Delhi, India",138,85,16.6,3.6,3.5,,,,
14,2026-03-28 04:00:00,"ITI Shahdra, Jhilmil Industrial Area, Delhi, Delhi, India",137,80,18.9,3.5,2.9,,,,
15,2026-03-28 05:00:00,"ITI Shahdra, Jhilmil Industrial Area, Delhi, Delhi, India",155,80,17.8,4.2,3.2,,,,
16,2026-03-28 08:00:00,"ITI Shahdra, Jhilmil Industrial Area, Delhi, Delhi, India",200,136,17.2,6.1,4.2,,,,
17,2026-03-28 10:00:00,"ITI Shahdra, Jhilmil Industrial Area, Delhi, Delhi, India",187,121,18.7,10.2,21.4,,,,
18,2026-03-28 12:00:00,"ITI Shahdra, Jhilmil Industrial Area, Delhi, Delhi, India",156,92,12,10.3,42.3,,,,
19,2026-03-28 12:00:00,"ITI Shahdra, Jhilmil Industrial Area, Delhi, Delhi, India",156,92,12,10.3,42.3,,,,
20,2026-03-28 13:00:00,"ITI Shahdra, Jhilmil Industrial Area, Delhi, Delhi, India",152,89,11.3,9.5,46.6,,,,
21,2026-03-28 14:00:00,"ITI Shahdra, Jhilmil Industrial Area, Delhi, Delhi, India",135,76,11.4,8.4,49.9,,,,
22,2026-03-28 15:00:00,"ITI Shahdra, Jhilmil Industrial Area, Delhi, Delhi, India",104,72,11.1,8,50.9,,,,
23,2026-03-28 15:00:00,"ITI Shahdra, Jhilmil Industrial Area, Delhi, Delhi, India",104,72,11.1,8,50.9,,,,
24,2026-03-28 16:00:00,"ITI Shahdra, Jhilmil Industrial Area, Delhi, Delhi, India",97,74,10.9,8.3,49.9,,,,
25,2026-03-28 10:30:00,"ITI Shahdra, Jhilmil Industrial Area, Delhi, Delhi, India",97,74,10.9,8.3,49.9,10,30.4333333333333,34.3333333333333,97
26,2026-03-28 10:30:00,"ITI Shahdra, Jhilmil Industrial Area, Delhi, Delhi, India",97,74,10.9,8.3,49.9,10,30.4333333333333,34.3333333333333,97
27,2026-03-28 11:30:00,"ITI Shahdra, Jhilmil Industrial Area, Delhi, Delhi, India",97,74,11,8,41.2,9.5,30.325,34.475,97
28,2026-03-28 11:30:00,"ITI Shahdra, Jhilmil Industrial Area, Delhi, Delhi, India",97,74,11,8,41.2,9.5,29.8,34.2,97
29,2026-03-28 12:30:00,"ITI Shahdra, Jhilmil Industrial Area, Delhi, Delhi, India",82,68,10.5,5.7,37.9,9.8,28.65,36.4,82
30,2026-03-28 13:30:00,"ITI Shahdra, Jhilmil Industrial Area, Delhi, Delhi, India",63,63,13.4,5.3,30.3,11.3,27.6,41.6,63
31,2026-03-28 14:30:00,"ITI Shahdra, Jhilmil Industrial Area, Delhi, Delhi, India",96,87,20.6,7.4,13.2,14.1,27.125,43,96
32,2026-03-28 14:30:00,"ITI Shahdra, Jhilmil Industrial Area, Delhi, Delhi, India",96,87,20.6,7.4,13.2,14.1,26.95,43.55,96
33,2026-03-28 15:30:00,"ITI Shahdra, Jhilmil Industrial Area, Delhi, Delhi, India",158,133,26.6,12.3,6.5,17.7,26.625,44.45,158
34,2026-03-28 15:30:00,"ITI Shahdra, Jhilmil Industrial Area, Delhi, Delhi, India",158,133,26.6,12.3,6.5,17.7,25.45,48.45,158
35,2026-03-28 16:30:00,"ITI Shahdra, Jhilmil Industrial Area, Delhi, Delhi, India",172,171,30.1,10.3,2.8,18.7,25.1,51.2,172
36,2026-03-28 17:30:00,"ITI Shahdra, Jhilmil Industrial Area, Delhi, Delhi, India",167,171,29.8,36.9,15.4,20.4,25,52.3,171
37,2026-03-28 18:30:00,"ITI Shahdra, Jhilmil Industrial Area, Delhi, Delhi, India",193,197,27.4,18.5,11.6,21.4,23.975,57.075,197
38,2026-03-28 18:30:00,"ITI Shahdra, Jhilmil Industrial Area, Delhi, Delhi, India",193,197,27.4,18.5,11.6,21.4,23.95,58.05,197
39,2026-03-28 20:30:00,"ITI Shahdra, Jhilmil Industrial Area, Delhi, Delhi, India",198,207,25.4,17.4,7.7,15.9,23.875,58.45,207
40,2026-03-28 20:30:00,"ITI Shahdra, Jhilmil Industrial Area, Delhi, Delhi, India",198,207,25.4,17.4,7.7,15.9,23.4666666666667,60.5333333333333,207
41,2026-03-28 21:30:00,"ITI Shahdra, Jhilmil Industrial Area, Delhi, Delhi, India",219,207,24.5,19.6,5.7,13.6,23.425,60.675,219
42,2026-03-28 21:30:00,"ITI Shahdra, Jhilmil Industrial Area, Delhi, Delhi, India",218,200,24.3,17.3,5.3,13.2,23.4,60.66,218
43,2026-03-28 21:30:00,"ITI Shahdra, Jhilmil Industrial Area, Delhi, Delhi, India",218,200,24.3,17.3,5.3,13.2,23.4,60.66,218
44,2026-03-28 22:30:00,"ITI Shahdra, Jhilmil Industrial Area, Delhi, Delhi, India",189,146,22.1,5.8,2.9,9.7,22.9333333333333,61.5333333333333,189
45,2026-03-28 23:30:00,"ITI Shahdra, Jhilmil Industrial Area, Delhi, Delhi, India",177,132,19.7,4.9,3.2,9.1,22.8,62.7,177
46,2026-03-28 23:30:00,"ITI Shahdra, Jhilmil Industrial Area, Delhi, Delhi, India",175,128,20.2,4.8,2.8,9.1,22.775,62.75,175
47,2026-03-29 01:30:00,"ITI Shahdra, Jhilmil Industrial Area, Delhi, Delhi, India",173,111,18.9,4.7,4.2,9.1,25.1,54.8333333333333,173
48,2026-03-29 04:30:00,"ITI Shahdra, Jhilmil Industrial Area, Delhi, Delhi, India",172,119,13.7,8.6,17,8.2,28.5,43.575,172
49,2026-03-29 05:30:00,"ITI Shahdra, Jhilmil Industrial Area, Delhi, Delhi, India",162,101,12,9.8,24.1,7.6,30.1,39.45,162
50,2026-03-29 06:30:00,"ITI Shahdra, Jhilmil Industrial Area, Delhi, Delhi, India",153,99,11.6,9.6,30.1,7.3,30.7,38.2333333333333,153
51,2026-03-29 07:30:00,"ITI Shahdra, Jhilmil Industrial Area, Delhi, Delhi, India",130,91,11,9.3,34.9,7.3,31.4,37.2,130
52,2026-03-29 08:30:00,"ITI Shahdra, Jhilmil Industrial Area, Delhi, Delhi, India",120,87,10.6,8.8,36.3,6.8,31.8,36.9,120
56,2026-03-29 08:30:00,"ITI Shahdra, Jhilmil Industrial Area, Delhi, Delhi, India",120,87,10.6,8.8,36.3,6.8,31.8,36.9,120
57,2026-03-29 09:30:00,"ITI Shahdra, Jhilmil Industrial Area, Delhi, Delhi, India",98,90,9.7,8.4,37,6.4,31.3,37.7,98
58,2026-03-29 09:30:00,"ITI Shahdra, Jhilmil Industrial Area, Delhi, Delhi, India",98,90,9.7,8.4,37,6.4,31.6333333333333,37.2666666666667,98
59,2026-03-29 10:30:00,"ITI Shahdra, Jhilmil Industrial Area, Delhi, Delhi, India",96,107,10,8.4,36.1,6.4,31.8,36.85,107
60,2026-03-29 11:30:00,"ITI Shahdra, Jhilmil Industrial Area, Delhi, Delhi, India",95,108,10.2,8.1,36.2,6.6,31.575,37.475,108
61,2026-03-29 11:30:00,"ITI Shahdra, Jhilmil Industrial Area, Delhi, Delhi, India",95,108,10.2,8.1,36.2,6.6,30.6,39.5,108
62,2026-03-29 12:30:00,"ITI Shahdra, Jhilmil Industrial Area, Delhi, Delhi, India",89,93,12.1,8.1,39.9,8,28.9,44.4,93
63,2026-03-29 13:30:00,"ITI Shahdra, Jhilmil Industrial Area, Delhi, Delhi, India",144,135,13.5,7.7,38.4,9.4,28.4,46,144
64,2026-03-29 14:30:00,"ITI Shahdra, Jhilmil Industrial Area, Delhi, Delhi, India",161,143,17.6,8.4,27.8,10.9,27.3,52.3,161
65,2026-03-29 14:30:00,"ITI Shahdra, Jhilmil Industrial Area, Delhi, Delhi, India",161,143,17.6,8.4,27.8,10.9,27.0666666666667,52.9666666666667,161
66,2026-03-29 15:30:00,"ITI Shahdra, Jhilmil Industrial Area, Delhi, Delhi, India",177,154,18.6,8.4,15.6,11.6,26.8,51.4,177
67,2026-03-29 16:30:00,"ITI Shahdra, Jhilmil Industrial Area, Delhi, Delhi, India",178,144,18.6,8.8,12.9,10.7,26.5333333333333,50.5666666666667,178
68,2026-03-29 17:30:00,"ITI Shahdra, Jhilmil Industrial Area, Delhi, Delhi, India",164,117,17.9,11.7,14.1,8.6,26.5,50.8,164
69,2026-03-29 18:30:00,"ITI Shahdra, Jhilmil Industrial Area, Delhi, Delhi, India",154,94,19.1,41,11.6,10,25.3,56.1,154
70,2026-03-29 19:30:00,"ITI Shahdra, Jhilmil Industrial Area, Delhi, Delhi, India",157,98,19.6,15.3,6,12.2,24.975,57.25,157
71,2026-03-29 19:30:00,"ITI Shahdra, Jhilmil Industrial Area, Delhi, Delhi, India",157,98,19.6,15.3,6,12.2,24.6,58.4,157
72,2026-03-29 20:30:00,"ITI Shahdra, Jhilmil Industrial Area, Delhi, Delhi, India",163,109,17.7,8.1,4.4,12,24.45,59.45,163
73,2026-03-29 20:30:00,"ITI Shahdra, Jhilmil Industrial Area, Delhi, Delhi, India",163,109,17.7,8.1,4.4,12,23.8333333333333,62.9666666666667,163
74,2026-03-29 21:30:00,"ITI Shahdra, Jhilmil Industrial Area, Delhi, Delhi, India",162,101,16.9,5.5,3.9,11.8,23.9,62.5,162
75,2026-03-29 22:30:00,"ITI Shahdra, Jhilmil Industrial Area, Delhi, Delhi, India",162,99,21.8,4.7,2.8,12.5,23.6,66,162
76,2026-03-29 23:30:00,"ITI Shahdra, Jhilmil Industrial Area, Delhi, Delhi, India",169,113,18.7,4.6,7,13.8,23.6,65.5,169
77,2026-03-30 03:30:00,"ITI Shahdra, Jhilmil Industrial Area, Delhi, Delhi, India",218,192,17.6,15,3.4,14.3,28.45,45.375,218
78,2026-03-30 05:30:00,"ITI Shahdra, Jhilmil Industrial Area, Delhi, Delhi, India",153,131,14.9,9.6,17.4,11.3,30.725,35.55,153
79,2026-03-30 06:30:00,"ITI Shahdra, Jhilmil Industrial Area, Delhi, Delhi, India",146,149,12.3,9.6,28.1,10.9,32,32.25,149
80,2026-03-30 08:30:00,"ITI Shahdra, Jhilmil Industrial Area, Delhi, Delhi, India",85,131,10.7,6.4,33.5,10,30.8,34.8,131
81,2026-03-30 09:30:00,"ITI Shahdra, Jhilmil Industrial Area, Delhi, Delhi, India",84,153,11.2,6.1,26.3,10,29.1,37.9,153
82,2026-03-30 10:30:00,"ITI Shahdra, Jhilmil Industrial Area, Delhi, Delhi, India",89,177,12.9,6.1,24.1,10,28.5,38.05,177
83,2026-03-30 12:30:00,"ITI Shahdra, Jhilmil Industrial Area, Delhi, Delhi, India",97,148,15,6.3,8.6,10.9,25.375,53.525,148
84,2026-03-30 13:30:00,"ITI Shahdra, Jhilmil Industrial Area, Delhi, Delhi, India",95,104,18.6,7.5,5.9,12.9,25.5,52.3,104
85,2026-03-30 15:30:00,"ITI Shahdra, Jhilmil Industrial Area, Delhi, Delhi, India",149,102,23,6.5,3.4,18.1,25.15,56.825,149
86,2026-03-30 16:30:00,"ITI Shahdra, Jhilmil Industrial Area, Delhi, Delhi, India",181,137,19.3,5.3,3.5,21.3,24.45,64.25,181
87,2026-03-30 17:30:00,"ITI Shahdra, Jhilmil Industrial Area, Delhi, Delhi, India",179,139,19.3,4.1,3.1,19.9,24.7333333333333,58.9666666666667,179
88,2026-03-30 18:30:00,"ITI Shahdra, Jhilmil Industrial Area, Delhi, Delhi, India",155,121,18.6,3.9,2.6,17.7,24.775,57.5,155
89,2026-03-30 18:30:00,"ITI Shahdra, Jhilmil Industrial Area, Delhi, Delhi, India",156,125,18.7,3.9,2.6,16.3,24.85,56.25,156
90,2026-03-30 18:30:00,"ITI Shahdra, Jhilmil Industrial Area, Delhi, Delhi, India",156,125,18.7,3.9,2.6,16.3,24.85,56.25,156
91,2026-03-30 18:30:00,"ITI Shahdra, Jhilmil Industrial Area, Delhi, Delhi, India",156,125,18.7,3.9,2.6,16.3,24.85,56.25,156
92,2026-03-30 21:30:00,"ITI Shahdra, Jhilmil Industrial Area, Delhi, Delhi, India",165,111,17.8,7.9,2.9,10,23.8,61.1,165
93,2026-03-30 22:30:00,"ITI Shahdra, Jhilmil Industrial Area, Delhi, Delhi, India",197,139,16.5,6.7,2.9,8.9,23.425,62.975,197
94,2026-03-30 22:30:00,"ITI Shahdra, Jhilmil Industrial Area, Delhi, Delhi, India",197,139,16.5,6.7,2.9,8.9,23.7,60.4,197
95,2026-03-30 23:30:00,"ITI Shahdra, Jhilmil Industrial Area, Delhi, Delhi, India",192,129,15.1,6,2.8,7.5,23.3,61.8,192
96,2026-03-31 02:30:00,"ITI Shahdra, Jhilmil Industrial Area, Delhi, Delhi, India",187,126,16.2,5.6,2.7,8.9,27.6333333333333,45.3666666666667,187
97,2026-03-31 04:30:00,"ITI Shahdra, Jhilmil Industrial Area, Delhi, Delhi, India",149,109,12.4,13.7,6.9,7.1,28.8333333333333,40.5333333333333,149
98,2026-03-31 06:30:00,"ITI Shahdra, Jhilmil Industrial Area, Delhi, Delhi, India",113,105,12.4,10.2,22.5,6.4,30.3,36.525,113
99,2026-03-31 07:30:00,"ITI Shahdra, Jhilmil Industrial Area, Delhi, Delhi, India",94,93,10.7,8.3,29.9,5.7,30.3,33.85,94
100,2026-03-31 08:30:00,"ITI Shahdra, Jhilmil Industrial Area, Delhi, Delhi, India",91,98,9.5,7,30.6,5.7,30.55,34.75,98
101,2026-03-31 09:30:00,"ITI Shahdra, Jhilmil Industrial Area, Delhi, Delhi, India",91,96,9.7,7.3,34.2,5.7,28,41.2333333333333,96
102,2026-03-31 10:30:00,"ITI Shahdra, Jhilmil Industrial Area, Delhi, Delhi, India",95,100,12.7,6.8,22,7.1,26.4,46.3,100
103,2026-03-31 12:30:00,"ITI Shahdra, Jhilmil Industrial Area, Delhi, Delhi, India",70,87,14.3,3.2,8.2,6.8,23.05,66.6,87
104,2026-03-31 13:30:00,"ITI Shahdra, Jhilmil Industrial Area, Delhi, Delhi, India",43,37,16.7,3,4.9,8.6,22.95,70.1,43
105,2026-03-31 15:30:00,"ITI Shahdra, Jhilmil Industrial Area, Delhi, Delhi, India",108,61,14.8,3.1,3.2,7.9,22.5,72.1,108
106,2026-03-31 16:30:00,"ITI Shahdra, Jhilmil Industrial Area, Delhi, Delhi, India",82,50,15.5,2.8,2.8,10.6,22.3666666666667,76.6,82
107,2026-03-31 17:30:00,"ITI Shahdra, Jhilmil Industrial Area, Delhi, Delhi, India",97,48,19.5,3.2,2.5,11.8,23.2666666666667,68.6,97
108,2026-03-31 18:30:00,"ITI Shahdra, Jhilmil Industrial Area, Delhi, Delhi, India",157,69,18.9,3.5,2,10.7,23.425,63.575,157
109,2026-03-31 19:30:00,"ITI Shahdra, Jhilmil Industrial Area, Delhi, Delhi, India",183,96,12.7,4,2.4,9.5,23.35,60.875,183
110,2026-03-31 19:30:00,"ITI Shahdra, Jhilmil Industrial Area, Delhi, Delhi, India",183,96,12.7,4,2.4,9.5,21.95,69,183
111,2026-03-31 20:30:00,"ITI Shahdra, Jhilmil Industrial Area, Delhi, Delhi, India",164,78,14,3.8,2.9,9.7,22.5,65.3,164
112,2026-03-31 21:30:00,"ITI Shahdra, Jhilmil Industrial Area, Delhi, Delhi, India",163,73,12.6,4,3.6,9.1,22,68.9,163
113,2026-03-31 21:30:00,"ITI Shahdra, Jhilmil Industrial Area, Delhi, Delhi, India",163,73,12.6,4,3.6,9.1,22.0333333333333,68.8333333333333,163
114,2026-03-31 22:30:00,"ITI Shahdra, Jhilmil Industrial Area, Delhi, Delhi, India",155,71,11.4,4.7,3.8,9.8,21.6,71.65,155
115,2026-03-31 23:30:00,"ITI Shahdra, Jhilmil Industrial Area, Delhi, Delhi, India",154,78,10.8,4.9,3.4,10.7,21.325,74.05,154
116,2026-04-01 01:30:00,"ITI Shahdra, Jhilmil Industrial Area, Delhi, Delhi, India",149,73,14.2,3.4,2.6,11.1,24.1,65.3,149
117,2026-04-01 04:30:00,"ITI Shahdra, Jhilmil Industrial Area, Delhi, Delhi, India",167,107,18.9,10.2,3.4,12.5,28.95,43.3,167
118,2026-04-01 06:30:00,"ITI Shahdra, Jhilmil Industrial Area, Delhi, Delhi, India",166,110,15.3,14.3,12,9.8,29.6,38.4,166
119,2026-04-01 07:30:00,"ITI Shahdra, Jhilmil Industrial Area, Delhi, Delhi, India",154,85,11.8,9.9,28.7,9.7,30.3,37.5,154
120,2026-04-01 09:30:00,"ITI Shahdra, Jhilmil Industrial Area, Delhi, Delhi, India",99,73,10.9,7.6,37,8.9,30.5,36.9,99
121,2026-04-01 10:30:00,"ITI Shahdra, Jhilmil Industrial Area, Delhi, Delhi, India",72,56,9.2,7.2,40.4,9.1,30.725,36.675,72
122,2026-04-01 10:30:00,"ITI Shahdra, Jhilmil Industrial Area, Delhi, Delhi, India",72,57,9.5,7.3,41.8,9.1,30.74,36.56,72
123,2026-04-01 12:30:00,"ITI Shahdra, Jhilmil Industrial Area, Delhi, Delhi, India",86,78,12.5,6.9,43.2,10.3,29.1666666666667,38.7666666666667,86
124,2026-04-01 13:30:00,"ITI Shahdra, Jhilmil Industrial Area, Delhi, Delhi, India",114,101,21.2,8.7,27.3,13.6,27.2,43.9,114
125,2026-04-01 15:30:00,"ITI Shahdra, Jhilmil Industrial Area, Delhi, Delhi, India",187,172,30.4,7.4,7.5,16.9,26,50.5,187
126,2026-04-01 16:30:00,"ITI Shahdra, Jhilmil Industrial Area, Delhi, Delhi, India",177,154,28.3,8.5,5.4,17.2,26.05,50.275,177
127,2026-04-01 17:30:00,"ITI Shahdra, Jhilmil Industrial Area, Delhi, Delhi, India",187,167,28.1,16.1,5.5,17.2,25.8,51.3666666666667,187
128,2026-04-01 18:30:00,"ITI Shahdra, Jhilmil Industrial Area, Delhi, Delhi, India",211,178,25.6,14.2,5.3,15.2,25.3,53,211
129,2026-04-01 19:30:00,"ITI Shahdra, Jhilmil Industrial Area, Delhi, Delhi, India",214,167,22.1,10.4,4.9,12.7,24.8,53.6,214
130,2026-04-01 20:30:00,"ITI Shahdra, Jhilmil Industrial Area, Delhi, Delhi, India",200,150,19.7,11,6.9,11.8,24.9,53.2,200
131,2026-04-01 21:30:00,"ITI Shahdra, Jhilmil Industrial Area, Delhi, Delhi, India",197,142,18.9,9.8,6.6,10.9,24.4,55.1,197
132,2026-04-01 22:30:00,"ITI Shahdra, Jhilmil Industrial Area, Delhi, Delhi, India",191,131,18.5,10.3,5.9,10.3,24.1,56.1,191
133,2026-04-01 22:30:00,"ITI Shahdra, Jhilmil Industrial Area, Delhi, Delhi, India",191,130,18.4,9.6,5.8,10.2,23.7666666666667,57.3333333333333,191
134,2026-04-01 23:30:00,"ITI Shahdra, Jhilmil Industrial Area, Delhi, Delhi, India",190,127,18.5,7.7,5.2,10.3,22.9,61.7,190
135,2026-04-02 02:30:00,"ITI Shahdra, Jhilmil Industrial Area, Delhi, Delhi, India",219,160,20.2,7,3.2,12.2,28.7,43.7,219
136,2026-04-02 04:30:00,"ITI Shahdra, Jhilmil Industrial Area, Delhi, Delhi, India",211,192,23.7,52.8,39.9,11.2,32,31.6,211
137,2026-04-02 06:30:00,"ITI Shahdra, Jhilmil Industrial Area, Delhi, Delhi, India",152,114,15.8,33.5,48.3,8.5,31.8666666666667,33.5,152
138,2026-04-02 07:30:00,"ITI Shahdra, Jhilmil Industrial Area, Delhi, Delhi, India",89,79,13.3,10.7,61.3,10.9,32.2333333333333,33.5333333333333,89
139,2026-04-02 08:30:00,"ITI Shahdra, Jhilmil Industrial Area, Delhi, Delhi, India",94,76,15.3,11.3,58.6,11.6,32.6,33.4,94
140,2026-04-02 09:30:00,"ITI Shahdra, Jhilmil Industrial Area, Delhi, Delhi, India",90,74,13.6,12.4,68.6,11.8,32.7,33.4,90
141,2026-04-02 09:30:00,"ITI Shahdra, Jhilmil Industrial Area, Delhi, Delhi, India",90,74,13.6,12.4,68.6,11.8,32.4,34.6,90
142,2026-04-02 11:30:00,"ITI Shahdra, Jhilmil Industrial Area, Delhi, Delhi, India",107,87,17.3,13.6,79.5,11.8,32.4,34.6,107
143,2026-04-02 13:30:00,"ITI Shahdra, Jhilmil Industrial Area, Delhi, Delhi, India",114,93,29.4,10.5,34.2,16.8,29.3,40.8,114
144,2026-04-02 14:30:00,"ITI Shahdra, Jhilmil Industrial Area, Delhi, Delhi, India",159,144,39.3,12.4,22.6,23.8,28.3,42.6,159
145,2026-04-02 15:30:00,"ITI Shahdra, Jhilmil Industrial Area, Delhi, Delhi, India",175,187,46.2,11.3,11.7,26.2,27.9,43.2,187
146,2026-04-02 16:30:00,"ITI Shahdra, Jhilmil Industrial Area, Delhi, Delhi, India",186,196,39.1,26.2,8.7,26.8,26.4,49.15,196
147,2026-04-02 17:30:00,"ITI Shahdra, Jhilmil Industrial Area, Delhi, Delhi, India",199,261,42.4,12.3,3.4,27.2,25.3,53.9,261
148,2026-04-02 18:30:00,"ITI Shahdra, Jhilmil Industrial Area, Delhi, Delhi, India",184,226,42.9,14,4.4,23.3,24.55,57.75,226
149,2026-04-02 19:30:00,"ITI Shahdra, Jhilmil Industrial Area, Delhi, Delhi, India",182,179,36.8,11.3,4,20.5,24.6,58.9,182
150,2026-04-02 19:30:00,"ITI Shahdra, Jhilmil Industrial Area, Delhi, Delhi, India",182,179,36.8,11.3,4,20.5,24.3666666666667,59.8,182
151,2026-04-02 21:30:00,"ITI Shahdra, Jhilmil Industrial Area, Delhi, Delhi, India",180,162,33.6,8.5,2.7,16.6,24.2666666666667,59.4666666666667,180
152,2026-04-02 21:30:00,"ITI Shahdra, Jhilmil Industrial Area, Delhi, Delhi, India",180,162,33.6,8.5,2.7,16.6,24.2666666666667,59.4666666666667,180
153,2026-04-02 22:30:00,"ITI Shahdra, Jhilmil Industrial Area, Delhi, Delhi, India",194,166,34.4,7,2.6,14.8,24.1,61.3,194
154,2026-04-02 22:30:00,"ITI Shahdra, Jhilmil Industrial Area, Delhi, Delhi, India",194,166,34.4,7,2.6,14.8,24.25,60.2,194
155,2026-04-02 23:30:00,"ITI Shahdra, Jhilmil Industrial Area, Delhi, Delhi, India",200,159,32.1,7.1,2.9,13.9,24.35,59.725,200
156,2026-04-03 01:30:00,"ITI Shahdra, Jhilmil Industrial Area, Delhi, Delhi, India",244,195,17,5.5,4,5.5,24.425,59.275,244
157,2026-04-03 01:30:00,"ITI Shahdra, Jhilmil Industrial Area, Delhi, Delhi, India",244,195,17,5.5,4,5.5,24,61.75,244
158,2026-04-03 05:30:00,"ITI Shahdra, Jhilmil Industrial Area, Delhi, Delhi, India",171,784,19.1,6.4,11.8,6.4,26.9,50.8,784
159,2026-04-03 05:30:00,"ITI Shahdra, Jhilmil Industrial Area, Delhi, Delhi, India",171,784,19.1,6.4,11.8,6.4,26.9,50.8,784
160,2026-04-03 05:30:00,"ITI Shahdra, Jhilmil Industrial Area, Delhi, Delhi, India",171,784,19.1,6.4,11.8,6.4,26.9,50.8,784
161,2026-04-03 05:30:00,"ITI Shahdra, Jhilmil Industrial Area, Delhi, Delhi, India",171,784,19.1,6.4,11.8,6.4,26.9,50.8,784
162,2026-04-03 05:30:00,"ITI Shahdra, Jhilmil Industrial Area, Delhi, Delhi, India",171,784,19.1,6.4,11.8,6.4,30.5,37.6,784
163,2026-04-03 10:30:00,"ITI Shahdra, Jhilmil Industrial Area, Delhi, Delhi, India",85,132,18.5,8.4,32.2,4.6,29.9,38.6666666666667,132
164,2026-04-03 11:30:00,"ITI Shahdra, Jhilmil Industrial Area, Delhi, Delhi, India",101,126,20.9,10.2,30.8,5.5,29.5,39.0333333333333,126
165,2026-04-03 11:30:00,"ITI Shahdra, Jhilmil Industrial Area, Delhi, Delhi, India",101,126,20.9,10.2,30.8,5.5,29.6,39.1,126
166,2026-04-03 13:30:00,"ITI Shahdra, Jhilmil Industrial Area, Delhi, Delhi, India",90,118,22.1,7.4,19.4,6.7,27.4333333333333,45.6,118
167,2026-04-03 13:30:00,"ITI Shahdra, Jhilmil Industrial Area, Delhi, Delhi, India",90,118,22.1,7.4,19.4,6.7,26.25,50.4,118
168,2026-04-03 14:30:00,"ITI Shahdra, Jhilmil Industrial Area, Delhi, Delhi, India",87,104,25.5,6.2,13.9,7.9,25.45,53.5,104
169,2026-04-03 15:30:00,"ITI Shahdra, Jhilmil Industrial Area, Delhi, Delhi, India",104,199,21,5.7,13.6,5.9,23.2,70,199
170,2026-04-03 15:30:00,"ITI Shahdra, Jhilmil Industrial Area, Delhi, Delhi, India",104,199,21,5.7,13.6,5.9,23.3333333333333,68.9,199
171,2026-04-03 16:30:00,"ITI Shahdra, Jhilmil Industrial Area, Delhi, Delhi, India",77,110,21,4.9,6.8,6,23.5,69.6,110
172,2026-04-03 17:30:00,"ITI Shahdra, Jhilmil Industrial Area, Delhi, Delhi, India",91,63,24.2,4.6,6.4,6.4,23.9,64.2666666666667,91
173,2026-04-03 17:30:00,"ITI Shahdra, Jhilmil Industrial Area, Delhi, Delhi, India",91,63,24.2,4.6,6.4,6.4,24.0333333333333,61.4666666666667,91
174,2026-04-03 18:30:00,"ITI Shahdra, Jhilmil Industrial Area, Delhi, Delhi, India",109,74,20.8,5,8.4,5.8,23.5,66.1,109
175,2026-04-03 19:30:00,"ITI Shahdra, Jhilmil Industrial Area, Delhi, Delhi, India",104,73,19,5.2,7.8,11.5,23.3,66.9,104
176,2026-04-03 19:30:00,"ITI Shahdra, Jhilmil Industrial Area, Delhi, Delhi, India",104,73,19,5.2,7.8,11.5,23.3666666666667,66.7,104
177,2026-04-03 20:30:00,"ITI Shahdra, Jhilmil Industrial Area, Delhi, Delhi, India",115,69,18.4,4.7,7.3,12.2,23.6,64,115
178,2026-04-03 21:30:00,"ITI Shahdra, Jhilmil Industrial Area, Delhi, Delhi, India",133,67,19.3,5.3,7.7,11.8,23.6666666666667,63.4,133
179,2026-04-03 21:30:00,"ITI Shahdra, Jhilmil Industrial Area, Delhi, Delhi, India",133,67,19.3,5.3,7.7,11.8,23.3,66,133
180,2026-04-03 21:30:00,"ITI Shahdra, Jhilmil Industrial Area, Delhi, Delhi, India",133,67,19.3,5.3,7.7,11.8,23.3,66,133
181,2026-04-03 22:30:00,"ITI Shahdra, Jhilmil Industrial Area, Delhi, Delhi, India",154,71,21.7,5.4,7.8,11.8,22.8333333333333,70.8666666666667,154
182,2026-04-03 23:30:00,"ITI Shahdra, Jhilmil Industrial Area, Delhi, Delhi, India",153,69,18.9,5.1,3.8,12,22.75,71.4,153
183,2026-04-04 00:30:00,"ITI Shahdra, Jhilmil Industrial Area, Delhi, Delhi, India",138,70,18.6,4.5,2.8,12.4,23.1,70.6,138
184,2026-04-04 03:30:00,"ITI Shahdra, Jhilmil Industrial Area, Delhi, Delhi, India",152,87,26.2,5.3,3,16.6,24.9666666666667,61.6,152
185,2026-04-04 04:30:00,"ITI Shahdra, Jhilmil Industrial Area, Delhi, Delhi, India",157,99,26.6,6.1,4.3,16.9,28.2,47.1,157
186,2026-04-04 05:30:00,"ITI Shahdra, Jhilmil Industrial Area, Delhi, Delhi, India",164,114,22.5,11.3,10.8,14.5,28.65,41.5,164
187,2026-04-04 05:30:00,"ITI Shahdra, Jhilmil Industrial Area, Delhi, Delhi, India",164,114,22.5,11.3,10.8,14.5,28.8333333333333,41.6333333333333,164
188,2026-04-04 05:30:00,"ITI Shahdra, Jhilmil Industrial Area, Delhi, Delhi, India",164,114,22.5,11.3,10.8,14.5,28.8333333333333,41.6333333333333,164
189,2026-04-04 05:30:00,"ITI Shahdra, Jhilmil Industrial Area, Delhi, Delhi, India",164,114,22.5,11.3,10.8,14.5,28.8333333333333,41.6333333333333,164
190,2026-04-04 05:30:00,"ITI Shahdra, Jhilmil Industrial Area, Delhi, Delhi, India",164,114,22.5,11.3,10.8,14.5,28.8333333333333,41.6333333333333,164
191,2026-04-04 05:30:00,"ITI Shahdra, Jhilmil Industrial Area, Delhi, Delhi, India",164,114,22.5,11.3,10.8,14.5,28.8333333333333,41.6333333333333,164
192,2026-04-04 05:30:00,"ITI Shahdra, Jhilmil Industrial Area, Delhi, Delhi, India",164,114,22.5,11.3,10.8,14.5,28.8333333333333,41.6333333333333,164
193,2026-04-04 05:30:00,"ITI Shahdra, Jhilmil Industrial Area, Delhi, Delhi, India",164,114,22.5,11.3,10.8,14.5,28.8333333333333,41.6333333333333,164
194,2026-04-04 05:30:00,"ITI Shahdra, Jhilmil Industrial Area, Delhi, Delhi, India",164,114,22.5,11.3,10.8,14.5,28.8333333333333,41.6333333333333,164
195,2026-04-04 05:30:00,"ITI Shahdra, Jhilmil Industrial Area, Delhi, Delhi, India",164,114,22.5,11.3,10.8,14.5,28.8333333333333,41.6333333333333,164
196,2026-04-04 05:30:00,"ITI Shahdra, Jhilmil Industrial Area, Delhi, Delhi, India",164,114,22.5,11.3,10.8,14.5,28.8333333333333,41.6333333333333,164
197,2026-04-04 05:30:00,"ITI Shahdra, Jhilmil Industrial Area, Delhi, Delhi, India",164,114,22.5,11.3,10.8,14.5,28.8333333333333,41.6333333333333,164
198,2026-04-04 05:30:00,"ITI Shahdra, Jhilmil Industrial Area, Delhi, Delhi, India",164,114,22.5,11.3,10.8,14.5,28.8333333333333,41.6333333333333,164
199,2026-04-04 05:30:00,"ITI Shahdra, Jhilmil Industrial Area, Delhi, Delhi, India",164,114,22.5,11.3,10.8,14.5,28.8333333333333,41.6333333333333,164
200,2026-04-04 05:30:00,"ITI Shahdra, Jhilmil Industrial Area, Delhi, Delhi, India",164,114,22.5,11.3,10.8,14.5,28.8333333333333,41.6333333333333,164
201,2026-04-04 05:30:00,"ITI Shahdra, Jhilmil Industrial Area, Delhi, Delhi, India",164,114,22.5,11.3,10.8,14.5,28.8333333333333,41.6333333333333,164
202,2026-04-04 05:30:00,"ITI Shahdra, Jhilmil Industrial Area, Delhi, Delhi, India",164,114,22.5,11.3,10.8,14.5,28.8333333333333,41.6333333333333,164
203,2026-04-04 05:30:00,"ITI Shahdra, Jhilmil Industrial Area, Delhi, Delhi, India",164,114,22.5,11.3,10.8,14.5,28.8333333333333,41.6333333333333,164
204,2026-04-04 05:30:00,"ITI Shahdra, Jhilmil Industrial Area, Delhi, Delhi, India",164,114,22.5,11.3,10.8,14.5,28.8333333333333,41.6333333333333,164
205,2026-04-04 05:30:00,"ITI Shahdra, Jhilmil Industrial Area, Delhi, Delhi, India",164,114,22.5,11.3,10.8,14.5,28.8333333333333,41.6333333333333,164
206,2026-04-04 05:30:00,"ITI Shahdra, Jhilmil Industrial Area, Delhi, Delhi, India",164,114,22.5,11.3,10.8,14.5,28.8333333333333,41.6333333333333,164
207,2026-04-04 05:30:00,"ITI Shahdra, Jhilmil Industrial Area, Delhi, Delhi, India",164,114,22.5,11.3,10.8,14.5,28.8333333333333,41.6333333333333,164
208,2026-04-04 05:30:00,"ITI Shahdra, Jhilmil Industrial Area, Delhi, Delhi, India",164,114,22.5,11.3,10.8,14.5,28.8333333333333,41.6333333333333,164
209,2026-04-04 05:30:00,"ITI Shahdra, Jhilmil Industrial Area, Delhi, Delhi, India",164,114,22.5,11.3,10.8,14.5,28.8333333333333,41.6333333333333,164
210,2026-04-04 05:30:00,"ITI Shahdra, Jhilmil Industrial Area, Delhi, Delhi, India",164,114,22.5,11.3,10.8,14.5,28.8333333333333,41.6333333333333,164
211,2026-04-04 05:30:00,"ITI Shahdra, Jhilmil Industrial Area, Delhi, Delhi, India",164,114,22.5,11.3,10.8,14.5,28.8333333333333,41.6333333333333,164
212,2026-04-04 05:30:00,"ITI Shahdra, Jhilmil Industrial Area, Delhi, Delhi, India",164,114,22.5,11.3,10.8,14.5,28.8333333333333,41.6333333333333,164
213,2026-04-04 05:30:00,"ITI Shahdra, Jhilmil Industrial Area, Delhi, Delhi, India",164,114,22.5,11.3,10.8,14.5,28.8333333333333,41.6333333333333,164
214,2026-04-04 05:30:00,"ITI Shahdra, Jhilmil Industrial Area, Delhi, Delhi, India",164,114,22.5,11.3,10.8,14.5,28.8333333333333,41.6333333333333,164
215,2026-04-04 05:30:00,"ITI Shahdra, Jhilmil Industrial Area, Delhi, Delhi, India",164,114,22.5,11.3,10.8,14.5,28.8333333333333,41.6333333333333,164
216,2026-04-04 05:30:00,"ITI Shahdra, Jhilmil Industrial Area, Delhi, Delhi, India",164,114,22.5,11.3,10.8,14.5,28.8333333333333,41.6333333333333,164
217,2026-04-04 05:30:00,"ITI Shahdra, Jhilmil Industrial Area, Delhi, Delhi, India",164,114,22.5,11.3,10.8,14.5,28.8333333333333,41.6333333333333,164
218,2026-04-04 05:30:00,"ITI Shahdra, Jhilmil Industrial Area, Delhi, Delhi, India",164,114,22.5,11.3,10.8,14.5,28.8333333333333,41.6333333333333,164
219,2026-04-04 05:30:00,"ITI Shahdra, Jhilmil Industrial Area, Delhi, Delhi, India",164,114,22.5,11.3,10.8,14.5,28.8333333333333,41.6333333333333,164
220,2026-04-04 05:30:00,"ITI Shahdra, Jhilmil Industrial Area, Delhi, Delhi, India",164,114,22.5,11.3,10.8,14.5,28.8333333333333,41.6333333333333,164
221,2026-04-04 05:30:00,"ITI Shahdra, Jhilmil Industrial Area, Delhi, Delhi, India",164,114,22.5,11.3,10.8,14.5,28.8333333333333,41.6333333333333,164
222,2026-04-04 05:30:00,"ITI Shahdra, Jhilmil Industrial Area, Delhi, Delhi, India",164,114,22.5,11.3,10.8,14.5,28.8333333333333,41.6333333333333,164
223,2026-04-04 05:30:00,"ITI Shahdra, Jhilmil Industrial Area, Delhi, Delhi, India",164,114,22.5,11.3,10.8,14.5,28.8333333333333,41.6333333333333,164
224,2026-04-04 05:30:00,"ITI Shahdra, Jhilmil Industrial Area, Delhi, Delhi, India",164,114,22.5,11.3,10.8,14.5,28.8333333333333,41.6333333333333,164
225,2026-04-04 05:30:00,"ITI Shahdra, Jhilmil Industrial Area, Delhi, Delhi, India",164,114,22.5,11.3,10.8,14.5,28.8333333333333,41.6333333333333,164
226,2026-04-04 05:30:00,"ITI Shahdra, Jhilmil Industrial Area, Delhi, Delhi, India",164,114,22.5,11.3,10.8,14.5,28.8333333333333,41.6333333333333,164
227,2026-04-04 05:30:00,"ITI Shahdra, Jhilmil Industrial Area, Delhi, Delhi, India",164,114,22.5,11.3,10.8,14.5,28.8333333333333,41.6333333333333,164
228,2026-04-04 05:30:00,"ITI Shahdra, Jhilmil Industrial Area, Delhi, Delhi, India",164,114,22.5,11.3,10.8,14.5,28.8333333333333,41.6333333333333,164
229,2026-04-04 05:30:00,"ITI Shahdra, Jhilmil Industrial Area, Delhi, Delhi, India",164,114,22.5,11.3,10.8,14.5,28.8333333333333,41.6333333333333,164
230,2026-04-04 05:30:00,"ITI Shahdra, Jhilmil Industrial Area, Delhi, Delhi, India",164,114,22.5,11.3,10.8,14.5,28.8333333333333,41.6333333333333,164
231,2026-04-04 05:30:00,"ITI Shahdra, Jhilmil Industrial Area, Delhi, Delhi, India",164,114,22.5,11.3,10.8,14.5,28.8333333333333,41.6333333333333,164
232,2026-04-04 05:30:00,"ITI Shahdra, Jhilmil Industrial Area, Delhi, Delhi, India",164,114,22.5,11.3,10.8,14.5,28.8333333333333,41.6333333333333,164
233,2026-04-04 05:30:00,"ITI Shahdra, Jhilmil Industrial Area, Delhi, Delhi, India",164,114,22.5,11.3,10.8,14.5,28.8333333333333,41.6333333333333,164
234,2026-04-04 05:30:00,"ITI Shahdra, Jhilmil Industrial Area, Delhi, Delhi, India",164,114,22.5,11.3,10.8,14.5,28.8333333333333,41.6333333333333,164
235,2026-04-04 05:30:00,"ITI Shahdra, Jhilmil Industrial Area, Delhi, Delhi, India",164,114,22.5,11.3,10.8,14.5,28.8333333333333,41.6333333333333,164
236,2026-04-04 05:30:00,"ITI Shahdra, Jhilmil Industrial Area, Delhi, Delhi, India",164,114,22.5,11.3,10.8,14.5,28.8333333333333,41.6333333333333,164
237,2026-04-05 17:30:00,"ITI Shahdra, Jhilmil Industrial Area, Delhi, Delhi, India",154,120,29.3,8.1,17.3,12.7,25.6,41,154
238,2026-04-05 17:30:00,"ITI Shahdra, Jhilmil Industrial Area, Delhi, Delhi, India",154,120,29.3,8.1,17.3,12.7,25.6,41,154
239,2026-04-05 17:30:00,"ITI Shahdra, Jhilmil Industrial Area, Delhi, Delhi, India",154,120,29.3,8.1,17.3,12.7,25.6,41,154
240,2026-04-05 17:30:00,"ITI Shahdra, Jhilmil Industrial Area, Delhi, Delhi, India",154,120,29.3,8.1,17.3,12.7,25.6,41,154
241,2026-04-05 17:30:00,"ITI Shahdra, Jhilmil Industrial Area, Delhi, Delhi, India",154,120,29.3,8.1,17.3,12.7,25.6,41,154
242,2026-04-05 17:30:00,"ITI Shahdra, Jhilmil Industrial Area, Delhi, Delhi, India",154,120,29.3,8.1,17.3,12.7,25.6,41,154
243,2026-04-05 17:30:00,"ITI Shahdra, Jhilmil Industrial Area, Delhi, Delhi, India",154,120,29.3,8.1,17.3,12.7,25.6,41,154
244,2026-04-05 17:30:00,"ITI Shahdra, Jhilmil Industrial Area, Delhi, Delhi, India",154,120,29.3,8.1,17.3,12.7,25.6,41,154
245,2026-04-05 17:30:00,"ITI Shahdra, Jhilmil Industrial Area, Delhi, Delhi, India",154,120,29.3,8.1,17.3,12.7,25.6,41,154
246,2026-04-05 17:30:00,"ITI Shahdra, Jhilmil Industrial Area, Delhi, Delhi, India",154,120,29.3,8.1,17.3,12.7,25.6,41,154
247,2026-04-05 17:30:00,"ITI Shahdra, Jhilmil Industrial Area, Delhi, Delhi, India",154,120,29.3,8.1,17.3,12.7,25.6,41,154
248,2026-04-05 17:30:00,"ITI Shahdra, Jhilmil Industrial Area, Delhi, Delhi, India",154,120,29.3,8.1,17.3,12.7,25.6,41,154
249,2026-04-06 03:30:00,"ITI Shahdra, Jhilmil Industrial Area, Delhi, Delhi, India",217,193,29.8,15.3,10.9,14.5,29.05,38.25,217
250,2026-04-06 05:30:00,"ITI Shahdra, Jhilmil Industrial Area, Delhi, Delhi, India",110,79,18.4,7.4,34.5,9.4,29.5,33.75,110
251,2026-04-06 07:30:00,"ITI Shahdra, Jhilmil Industrial Area, Delhi, Delhi, India",63,53,15.1,6.6,46.1,8.2,30.6,32.2,63
252,2026-04-06 08:30:00,"ITI Shahdra, Jhilmil Industrial Area, Delhi, Delhi, India",68,53,15.2,7.6,48.3,8.6,30.2333333333333,32.4,68
253,2026-04-06 10:30:00,"ITI Shahdra, Jhilmil Industrial Area, Delhi, Delhi, India",74,51,14.7,5.6,55.5,8.8,30,32.8333333333333,74
254,2026-04-06 10:30:00,"ITI Shahdra, Jhilmil Industrial Area, Delhi, Delhi, India",74,51,14.7,5.6,55.5,8.8,29.8333333333333,32.9333333333333,74
255,2026-04-06 11:30:00,"ITI Shahdra, Jhilmil Industrial Area, Delhi, Delhi, India",68,55,15.8,5.6,55.8,8.5,29.6,32.75,68
256,2026-04-06 13:30:00,"ITI Shahdra, Jhilmil Industrial Area, Delhi, Delhi, India",64,57,14.7,5.3,43.5,10.4,27.875,34.325,64
257,2026-04-06 13:30:00,"ITI Shahdra, Jhilmil Industrial Area, Delhi, Delhi, India",64,57,14.7,5.3,43.5,10.4,27.1,35.65,64
258,2026-04-06 13:30:00,"ITI Shahdra, Jhilmil Industrial Area, Delhi, Delhi, India",64,57,14.7,5.3,43.5,10.4,27.1,35.65,64
259,2026-04-06 13:30:00,"ITI Shahdra, Jhilmil Industrial Area, Delhi, Delhi, India",64,57,14.7,5.3,43.5,10.4,27.1,35.65,64
260,2026-04-06 13:30:00,"ITI Shahdra, Jhilmil Industrial Area, Delhi, Delhi, India",64,57,14.7,5.3,43.5,10.4,27.1,35.65,64
261,2026-04-06 13:30:00,"ITI Shahdra, Jhilmil Industrial Area, Delhi, Delhi, India",64,57,14.7,5.3,43.5,10.4,27.1,35.65,64
262,2026-04-06 18:30:00,"ITI Shahdra, Jhilmil Industrial Area, Delhi, Delhi, India",54,64,23.7,4.7,21.6,11.3,25.45,42.9,64
263,2026-04-06 19:30:00,"ITI Shahdra, Jhilmil Industrial Area, Delhi, Delhi, India",70,67,21.6,8.5,24.5,10.4,25,46.2,70
264,2026-04-06 19:30:00,"ITI Shahdra, Jhilmil Industrial Area, Delhi, Delhi, India",70,67,21.6,8.5,24.5,10.4,24.7,47.9333333333333,70
265,2026-04-06 20:30:00,"ITI Shahdra, Jhilmil Industrial Area, Delhi, Delhi, India",98,83,20.6,8.7,21.7,10.7,23.8,52.75,98
266,2026-04-06 21:30:00,"ITI Shahdra, Jhilmil Industrial Area, Delhi, Delhi, India",135,103,19.2,11.4,17.8,10.4,23.4,54.2,135
267,2026-04-06 21:30:00,"ITI Shahdra, Jhilmil Industrial Area, Delhi, Delhi, India",135,103,19.2,11.4,17.8,10.4,23.35,54.4,135
268,2026-04-06 22:30:00,"ITI Shahdra, Jhilmil Industrial Area, Delhi, Delhi, India",107,88,17.8,9,20.3,10.3,23.5,53.1,107
269,2026-04-06 22:30:00,"ITI Shahdra, Jhilmil Industrial Area, Delhi, Delhi, India",107,88,17.8,9,20.3,10.3,23.4666666666667,52.6333333333333,107
270,2026-04-07 00:30:00,"ITI Shahdra, Jhilmil Industrial Area, Delhi, Delhi, India",109,71,22.4,10.2,12.2,13.6,23.225,52.4,109
271,2026-04-07 00:30:00,"ITI Shahdra, Jhilmil Industrial Area, Delhi, Delhi, India",134,77,22.6,10.4,11.7,13.8,22.3,65,134
272,2026-04-07 00:30:00,"ITI Shahdra, Jhilmil Industrial Area, Delhi, Delhi, India",134,77,22.6,10.4,11.7,13.8,22.3,65,134
273,2026-04-07 06:30:00,"ITI Shahdra, Jhilmil Industrial Area, Delhi, Delhi, India",122,92,22.4,11.4,35.2,12.2,27.45,41.3,122
274,2026-04-07 07:30:00,"ITI Shahdra, Jhilmil Industrial Area, Delhi, Delhi, India",110,89,19.6,10.7,39.1,12.2,26.25,43.05,110
275,2026-04-07 08:30:00,"ITI Shahdra, Jhilmil Industrial Area, Delhi, Delhi, India",86,79,22,8.1,29.7,12.5,22.15,74.1,86
276,2026-04-07 10:30:00,"ITI Shahdra, Jhilmil Industrial Area, Delhi, Delhi, India",81,48,18.4,4.5,9.8,13.4,22.025,79.775,81
277,2026-04-07 10:30:00,"ITI Shahdra, Jhilmil Industrial Area, Delhi, Delhi, India",81,48,18.4,4.5,9.8,13.4,22.1,78.8,81
278,2026-04-07 10:30:00,"ITI Shahdra, Jhilmil Industrial Area, Delhi, Delhi, India",81,48,18.4,4.5,9.8,13.4,22.1,78.8,81
279,2026-04-07 13:30:00,"ITI Shahdra, Jhilmil Industrial Area, Delhi, Delhi, India",154,75,26.8,5.5,9.1,15.4,22.8,67.2,154
280,2026-04-07 15:30:00,"ITI Shahdra, Jhilmil Industrial Area, Delhi, Delhi, India",166,93,25.4,4.7,6.5,16.5,22.35,71.275,166
281,2026-04-07 16:30:00,"ITI Shahdra, Jhilmil Industrial Area, Delhi, Delhi, India",163,89,24.5,10.1,6.5,15.7,22.4,70.0666666666667,163
282,2026-04-07 17:30:00,"ITI Shahdra, Jhilmil Industrial Area, Delhi, Delhi, India",163,87,15.6,5.7,9.9,12.7,21.675,76.875,163
283,2026-04-07 18:30:00,"ITI Shahdra, Jhilmil Industrial Area, Delhi, Delhi, India",142,57,17.6,4.7,8.9,12.5,21.125,82.65,142
284,2026-04-07 19:30:00,"ITI Shahdra, Jhilmil Industrial Area, Delhi, Delhi, India",104,40,15.6,4.3,9,10.9,21.3,80,104
285,2026-04-07 19:30:00,"ITI Shahdra, Jhilmil Industrial Area, Delhi, Delhi, India",101,37,15.6,4.2,8.7,10.9,21.4333333333333,77.8333333333333,101
286,2026-04-07 20:30:00,"ITI Shahdra, Jhilmil Industrial Area, Delhi, Delhi, India",95,29,15.9,4,6.3,10.9,21.3,77.1,95
287,2026-04-07 21:30:00,"ITI Shahdra, Jhilmil Industrial Area, Delhi, Delhi, India",112,41,13.7,4,9.1,10.3,21.3,76.2333333333333,112
288,2026-04-07 21:30:00,"ITI Shahdra, Jhilmil Industrial Area, Delhi, Delhi, India",112,41,13.7,4,9.1,10.3,21.1,77.3,112
289,2026-04-07 22:30:00,"ITI Shahdra, Jhilmil Industrial Area, Delhi, Delhi, India",109,39,13.2,3.8,9,10,21.1,77.85,109
290,2026-04-07 23:30:00,"ITI Shahdra, Jhilmil Industrial Area, Delhi, Delhi, India",107,35,13,3.3,7.9,10,21.025,77.825,107
291,2026-04-08 00:30:00,"ITI Shahdra, Jhilmil Industrial Area, Delhi, Delhi, India",85,33,13.6,3.3,9.1,9.5,21.05,75.3,85
292,2026-04-08 02:30:00,"ITI Shahdra, Jhilmil Industrial Area, Delhi, Delhi, India",74,36,14.8,3.8,8.5,10.9,23.15,63.35,74
293,2026-04-08 05:30:00,"ITI Shahdra, Jhilmil Industrial Area, Delhi, Delhi, India",142,66,19.2,6.7,21.7,11.8,25.9,49.9,142
294,2026-04-08 06:30:00,"ITI Shahdra, Jhilmil Industrial Area, Delhi, Delhi, India",151,74,18.7,10.8,31.1,12,26,48.5,151
295,2026-04-08 07:30:00,"ITI Shahdra, Jhilmil Industrial Area, Delhi, Delhi, India",156,86,15.9,12.8,44.6,11.8,26.45,46.7,156
296,2026-04-08 07:30:00,"ITI Shahdra, Jhilmil Industrial Area, Delhi, Delhi, India",156,86,15.9,12.8,44.6,11.8,26.45,46.7,156
297,2026-04-08 10:30:00,"ITI Shahdra, Jhilmil Industrial Area, Delhi, Delhi, India",107,69,14.9,7.3,65.3,10.9,27.9,39.275,107
298,2026-04-08 11:30:00,"ITI Shahdra, Jhilmil Industrial Area, Delhi, Delhi, India",107,65,17.3,7.7,45.5,11.2,26.6333333333333,43.9333333333333,107
299,2026-04-08 12:30:00,"ITI Shahdra, Jhilmil Industrial Area, Delhi, Delhi, India",97,82,18.4,6.2,29.3,10.4,24.05,52.6,97
300,2026-04-08 12:30:00,"ITI Shahdra, Jhilmil Industrial Area, Delhi, Delhi, India",97,82,18.4,6.2,29.3,10.4,24.05,52.6,97
301,2026-04-08 15:30:00,"ITI Shahdra, Jhilmil Industrial Area, Delhi, Delhi, India",91,72,25.7,12.6,11.6,13.3,23.1,59.9,91
302,2026-04-08 15:30:00,"ITI Shahdra, Jhilmil Industrial Area, Delhi, Delhi, India",91,72,25.7,13.3,11.6,13.3,23,59.8,91
303,2026-04-08 17:30:00,"ITI Shahdra, Jhilmil Industrial Area, Delhi, Delhi, India",158,90,21.4,9.9,7.3,12.7,22.5,66.9,158
304,2026-04-08 17:30:00,"ITI Shahdra, Jhilmil Industrial Area, Delhi, Delhi, India",158,90,21.4,9.9,7.3,12.7,22.5,66.9,158
305,2026-04-08 17:30:00,"ITI Shahdra, Jhilmil Industrial Area, Delhi, Delhi, India",158,90,21.4,9.9,7.3,12.7,22.5,66.9,158
306,2026-04-08 17:30:00,"ITI Shahdra, Jhilmil Industrial Area, Delhi, Delhi, India",158,90,21.4,9.9,7.3,12.7,22.5,66.9,158
307,2026-04-08 17:30:00,"ITI Shahdra, Jhilmil Industrial Area, Delhi, Delhi, India",158,90,21.4,9.9,7.3,12.7,22.5,66.9,158
308,2026-04-08 17:30:00,"ITI Shahdra, Jhilmil Industrial Area, Delhi, Delhi, India",158,90,21.4,9.9,7.3,12.7,21.2,72.4,158
309,2026-04-08 22:30:00,"ITI Shahdra, Jhilmil Industrial Area, Delhi, Delhi, India",114,54,17.3,8.3,8.2,10,21.1,72.25,114
310,2026-04-08 22:30:00,"ITI Shahdra, Jhilmil Industrial Area, Delhi, Delhi, India",114,54,17.3,8.3,8.2,10,20.8,72.9,114
311,2026-04-08 22:30:00,"ITI Shahdra, Jhilmil Industrial Area, Delhi, Delhi, India",114,54,17.3,8.3,8.2,10,20.8,72.9,114
312,2026-04-09 02:30:00,"ITI Shahdra, Jhilmil Industrial Area, Delhi, Delhi, India",177,98,20.5,36.5,5.9,14.5,24.4,55.7,177
313,2026-04-09 04:30:00,"ITI Shahdra, Jhilmil Industrial Area, Delhi, Delhi, India",161,93,22.5,8.9,12.6,12.5,26.35,47.5,161
314,2026-04-09 05:30:00,"ITI Shahdra, Jhilmil Industrial Area, Delhi, Delhi, India",150,79,19.7,8.6,25.6,11.2,27.1,44.6666666666667,150
315,2026-04-09 07:30:00,"ITI Shahdra, Jhilmil Industrial Area, Delhi, Delhi, India",107,70,17.9,9.1,54.5,12.1,28.55,39.85,107
316,2026-04-09 08:30:00,"ITI Shahdra, Jhilmil Industrial Area, Delhi, Delhi, India",122,69,17.5,8.5,58.2,11.3,29.1,35.8333333333333,122
317,2026-04-09 10:30:00,"ITI Shahdra, Jhilmil Industrial Area, Delhi, Delhi, India",89,72,16.9,8.4,55.5,10,29.175,35.25,89
318,2026-04-09 10:30:00,"ITI Shahdra, Jhilmil Industrial Area, Delhi, Delhi, India",88,71,16.7,8.4,54.8,10,29.16,35.04,88
319,2026-04-09 12:30:00,"ITI Shahdra, Jhilmil Industrial Area, Delhi, Delhi, India",85,63,20.3,12.4,44.3,10.3,28,34.8666666666667,85
320,2026-04-09 13:30:00,"ITI Shahdra, Jhilmil Industrial Area, Delhi, Delhi, India",84,71,22.8,7.8,39.2,13.4,25.9,42.2,84
321,2026-04-09 14:30:00,"ITI Shahdra, Jhilmil Industrial Area, Delhi, Delhi, India",109,87,34.6,19.3,21.5,20.2,24.3,48.2,109
322,2026-04-09 16:30:00,"ITI Shahdra, Jhilmil Industrial Area, Delhi, Delhi, India",222,170,37.7,19.8,11.9,23.5,24.3,49,222
323,2026-04-09 17:30:00,"ITI Shahdra, Jhilmil Industrial Area, Delhi, Delhi, India",194,168,33.4,19.8,11.1,20.5,23.2,53.5,194
324,2026-04-09 19:30:00,"ITI Shahdra, Jhilmil Industrial Area, Delhi, Delhi, India",250,184,24.3,8.9,17.8,11.1,23.65,50.3,250
325,2026-04-09 19:30:00,"ITI Shahdra, Jhilmil Industrial Area, Delhi, Delhi, India",250,184,24.3,8.9,17.8,11.1,23.1333333333333,52,250
326,2026-04-09 21:30:00,"ITI Shahdra, Jhilmil Industrial Area, Delhi, Delhi, India",135,82,21.3,6.6,18.4,8.6,22.2,54,135
327,2026-04-09 22:30:00,"ITI Shahdra, Jhilmil Industrial Area, Delhi, Delhi, India",144,83,22.5,10.7,15.1,8.2,22.15,54.075,144
328,2026-04-09 22:30:00,"ITI Shahdra, Jhilmil Industrial Area, Delhi, Delhi, India",144,83,22.5,10.7,15.1,8.2,22.05,55.05,144
329,2026-04-09 23:30:00,"ITI Shahdra, Jhilmil Industrial Area, Delhi, Delhi, India",158,89,25.4,10.8,10.1,8.8,21.6,57,158
330,2026-04-10 00:30:00,"ITI Shahdra, Jhilmil Industrial Area, Delhi, Delhi, India",153,80,23.5,5.9,10.5,8.9,21.8,55.7,153
331,2026-04-10 04:30:00,"ITI Shahdra, Jhilmil Industrial Area, Delhi, Delhi, India",126,83,18.6,6.1,34.4,8.4,27.25,39.6,126
332,2026-04-10 06:30:00,"ITI Shahdra, Jhilmil Industrial Area, Delhi, Delhi, India",76,86,16.2,5.5,40.3,7.3,28.7,35,86
333,2026-04-10 08:30:00,"ITI Shahdra, Jhilmil Industrial Area, Delhi, Delhi, India",65,90,16.2,6.1,21,7.3,29.8,32.2666666666667,90
334,2026-04-10 09:30:00,"ITI Shahdra, Jhilmil Industrial Area, Delhi, Delhi, India",61,92,16.5,5.4,21.6,6.7,30.2,31,92
335,2026-04-10 10:30:00,"ITI Shahdra, Jhilmil Industrial Area, Delhi, Delhi, India",61,103,15.6,5.4,21.5,6.4,30.4,30.2,103
336,2026-04-10 10:30:00,"ITI Shahdra, Jhilmil Industrial Area, Delhi, Delhi, India",63,98,15.4,4.2,21.7,6.8,30.4,30.2,98
337,2026-04-10 10:30:00,"ITI Shahdra, Jhilmil Industrial Area, Delhi, Delhi, India",63,98,15.4,4.2,21.7,6.8,30.4,30.2,98
338,2026-04-10 13:30:00,"ITI Shahdra, Jhilmil Industrial Area, Delhi, Delhi, India",61,101,21.8,5.5,17,10.4,27.85,33.55,101
339,2026-04-10 14:30:00,"ITI Shahdra, Jhilmil Industrial Area, Delhi, Delhi, India",78,107,25,7,16.4,11.1,27.325,34.875,107
340,2026-04-10 14:30:00,"ITI Shahdra, Jhilmil Industrial Area, Delhi, Delhi, India",78,107,25,7,16.4,11.1,26.95,35.75,107
341,2026-04-10 14:30:00,"ITI Shahdra, Jhilmil Industrial Area, Delhi, Delhi, India",78,107,25,7,16.4,11.1,26.95,35.75,107
342,2026-04-10 15:30:00,"ITI Shahdra, Jhilmil Industrial Area, Delhi, Delhi, India",97,110,25.6,8.9,16.2,11.8,25.9,38.9,110
343,2026-04-10 17:30:00,"ITI Shahdra, Jhilmil Industrial Area, Delhi, Delhi, India",154,113,26.5,8.6,14.1,10,25.5,39.8,154
344,2026-04-10 18:30:00,"ITI Shahdra, Jhilmil Industrial Area, Delhi, Delhi, India",129,106,24,8.3,14.9,9.1,24.95,41.55,129
345,2026-04-10 19:30:00,"ITI Shahdra, Jhilmil Industrial Area, Delhi, Delhi, India",94,92,21.9,8.7,14.5,11.1,24.5,42.8,94
346,2026-04-10 19:30:00,"ITI Shahdra, Jhilmil Industrial Area, Delhi, Delhi, India",94,92,21.9,8.7,14.5,11.1,24.4,43.2333333333333,94
347,2026-04-10 20:30:00,"ITI Shahdra, Jhilmil Industrial Area, Delhi, Delhi, India",110,88,20.8,7.7,14.4,11.1,24.325,43.525,110
348,2026-04-10 21:30:00,"ITI Shahdra, Jhilmil Industrial Area, Delhi, Delhi, India",112,76,20.4,6.7,12.4,10.9,23.6,46.7,112
349,2026-04-10 21:30:00,"ITI Shahdra, Jhilmil Industrial Area, Delhi, Delhi, India",112,76,20.4,6.7,12.4,10.9,23.55,46.75,112
350,2026-04-10 22:30:00,"ITI Shahdra, Jhilmil Industrial Area, Delhi, Delhi, India",107,70,19.7,6.7,12.8,10.9,23.4,47.2,107
351,2026-04-10 23:30:00,"ITI Shahdra, Jhilmil Industrial Area, Delhi, Delhi, India",105,67,20.2,8.5,11.9,12.2,23.325,47.575,105
352,2026-04-11 00:30:00,"ITI Shahdra, Jhilmil Industrial Area, Delhi, Delhi, India",114,69,19.7,9.3,11.2,11.8,23.25,48.6,114
353,2026-04-11 03:30:00,"ITI Shahdra, Jhilmil Industrial Area, Delhi, Delhi, India",110,82,18.1,8.5,14.8,12.2,26.5,42.7,110
354,2026-04-11 04:30:00,"ITI Shahdra, Jhilmil Industrial Area, Delhi, Delhi, India",112,81,19.2,12,17.3,11.3,28.45,38.1,112
355,2026-04-11 04:30:00,"ITI Shahdra, Jhilmil Industrial Area, Delhi, Delhi, India",112,81,19.2,12,17.3,11.3,28.45,38.1,112
356,2026-04-11 04:30:00,"ITI Shahdra, Jhilmil Industrial Area, Delhi, Delhi, India",112,81,19.2,12,17.3,11.3,28.45,38.1,112
357,2026-04-11 04:30:00,"ITI Shahdra, Jhilmil Industrial Area, Delhi, Delhi, India",112,81,19.2,12,17.3,11.3,28.45,38.1,112
358,2026-04-11 04:30:00,"ITI Shahdra, Jhilmil Industrial Area, Delhi, Delhi, India",112,81,19.2,12,17.3,11.3,31.2,31.2,112
359,2026-04-11 04:30:00,"ITI Shahdra, Jhilmil Industrial Area, Delhi, Delhi, India",112,81,19.2,12,17.3,11.3,31.2333333333333,31.0666666666667,112
360,2026-04-11 09:30:00,"ITI Shahdra, Jhilmil Industrial Area, Delhi, Delhi, India",72,74,12.9,6,23.5,10,31.325,30.875,74
361,2026-04-11 10:30:00,"ITI Shahdra, Jhilmil Industrial Area, Delhi, Delhi, India",74,76,17.3,6.2,22.3,9.1,31.15,29.55,76
362,2026-04-11 10:30:00,"ITI Shahdra, Jhilmil Industrial Area, Delhi, Delhi, India",74,76,17.3,6.2,22.3,9.1,30.4,32.55,76
363,2026-04-11 11:30:00,"ITI Shahdra, Jhilmil Industrial Area, Delhi, Delhi, India",68,87,26.9,23.3,16.7,10.6,30.2333333333333,32.8666666666667,87
364,2026-04-11 11:30:00,"ITI Shahdra, Jhilmil Industrial Area, Delhi, Delhi, India",68,87,26.9,23.3,16.7,10.6,29.15,33.45,87
365,2026-04-11 13:30:00,"ITI Shahdra, Jhilmil Industrial Area, Delhi, Delhi, India",89,100,29.4,17.9,14.2,12.4,28.1333333333333,34.8,100
366,2026-04-11 13:30:00,"ITI Shahdra, Jhilmil Industrial Area, Delhi, Delhi, India",97,106,28.1,15.4,14.2,12.7,26.9,36.9,106
367,2026-04-11 13:30:00,"ITI Shahdra, Jhilmil Industrial Area, Delhi, Delhi, India",97,106,28.1,15.4,14.2,12.7,26.9,36.9,106
368,2026-04-11 14:30:00,"ITI Shahdra, Jhilmil Industrial Area, Delhi, Delhi, India",132,125,25.5,5.7,12.2,14.5,25.9,39.6,132
369,2026-04-11 15:30:00,"ITI Shahdra, Jhilmil Industrial Area, Delhi, Delhi, India",139,128,33.1,6.2,5.9,19.9,25.9,39.85,139
370,2026-04-11 16:30:00,"ITI Shahdra, Jhilmil Industrial Area, Delhi, Delhi, India",156,146,37.8,7.1,4.9,21.3,26.2,39.7,156
371,2026-04-11 16:30:00,"ITI Shahdra, Jhilmil Industrial Area, Delhi, Delhi, India",156,146,37.8,7.1,4.9,21.3,25.85,41.1,156
372,2026-04-11 17:30:00,"ITI Shahdra, Jhilmil Industrial Area, Delhi, Delhi, India",164,156,34.2,7.9,5,19,25,47.5,164
373,2026-04-11 17:30:00,"ITI Shahdra, Jhilmil Industrial Area, Delhi, Delhi, India",164,156,34.2,7.9,5,19,24.6333333333333,48.2333333333333,164
374,2026-04-11 18:30:00,"ITI Shahdra, Jhilmil Industrial Area, Delhi, Delhi, India",175,162,31.9,11.9,4.1,16.6,25.25,45.5,175
375,2026-04-11 18:30:00,"ITI Shahdra, Jhilmil Industrial Area, Delhi, Delhi, India",175,162,31.9,11.9,4.1,16.6,25.25,45.5,175
376,2026-04-11 18:30:00,"ITI Shahdra, Jhilmil Industrial Area, Delhi, Delhi, India",175,162,31.9,11.9,4.1,16.6,25.25,45.5,175
377,2026-04-11 18:30:00,"ITI Shahdra, Jhilmil Industrial Area, Delhi, Delhi, India",175,162,31.9,11.9,4.1,16.6,25.25,45.5,175
378,2026-04-11 18:30:00,"ITI Shahdra, Jhilmil Industrial Area, Delhi, Delhi, India",175,162,31.9,11.9,4.1,16.6,25.25,45.5,175
379,2026-04-11 18:30:00,"ITI Shahdra, Jhilmil Industrial Area, Delhi, Delhi, India",175,162,31.9,11.9,4.1,16.6,25.25,45.5,175
380,2026-04-11 18:30:00,"ITI Shahdra, Jhilmil Industrial Area, Delhi, Delhi, India",175,162,31.9,11.9,4.1,16.6,25.25,45.5,175
381,2026-04-11 18:30:00,"ITI Shahdra, Jhilmil Industrial Area, Delhi, Delhi, India",175,162,31.9,11.9,4.1,16.6,25.25,45.5,175
382,2026-04-11 18:30:00,"ITI Shahdra, Jhilmil Industrial Area, Delhi, Delhi, India",175,162,31.9,11.9,4.1,16.6,25.25,45.5,175
383,2026-04-11 23:30:00,"ITI Shahdra, Jhilmil Industrial Area, Delhi, Delhi, India",154,86,19.2,6.1,4.8,10,22.1,59.6,154
384,2026-04-12 03:30:00,"ITI Shahdra, Jhilmil Industrial Area, Delhi, Delhi, India",211,149,18.2,14.4,10.2,10.7,26.675,44.7,211
385,2026-04-12 05:30:00,"ITI Shahdra, Jhilmil Industrial Area, Delhi, Delhi, India",153,97,16.9,10.5,19.1,9.5,29.225,38.9,153
386,2026-04-12 06:30:00,"ITI Shahdra, Jhilmil Industrial Area, Delhi, Delhi, India",137,92,14.4,8.3,20,8.2,30.0666666666667,36,137
387,2026-04-12 07:30:00,"ITI Shahdra, Jhilmil Industrial Area, Delhi, Delhi, India",99,80,13.7,7.3,20.7,7.3,30.8,32.4,99
388,2026-04-12 08:30:00,"ITI Shahdra, Jhilmil Industrial Area, Delhi, Delhi, India",80,78,12.6,5.9,20.9,7.3,31.2,30.7,80
389,2026-04-12 09:30:00,"ITI Shahdra, Jhilmil Industrial Area, Delhi, Delhi, India",76,79,14.1,8,21,7.3,31.5,30.3,79
390,2026-04-12 09:30:00,"ITI Shahdra, Jhilmil Industrial Area, Delhi, Delhi, India",76,79,14.1,8,21,7.3,31.5666666666667,30.1,79
391,2026-04-12 10:30:00,"ITI Shahdra, Jhilmil Industrial Area, Delhi, Delhi, India",65,67,14.5,6.4,21.7,7.1,31.5,29.2,67
392,2026-04-12 11:30:00,"ITI Shahdra, Jhilmil Industrial Area, Delhi, Delhi, India",60,72,14.1,4.5,22.5,7.3,31.2666666666667,29.3333333333333,72
393,2026-04-12 11:30:00,"ITI Shahdra, Jhilmil Industrial Area, Delhi, Delhi, India",58,73,15.1,4.8,22.4,7.3,30.7333333333333,29.4666666666667,73
394,2026-04-12 12:30:00,"ITI Shahdra, Jhilmil Industrial Area, Delhi, Delhi, India",56,76,14.9,4,22.6,7.9,29.1666666666667,30.3,76
395,2026-04-12 13:30:00,"ITI Shahdra, Jhilmil Industrial Area, Delhi, Delhi, India",63,78,19.1,4.2,20.6,9.5,28.25,31.35,78
396,2026-04-12 14:30:00,"ITI Shahdra, Jhilmil Industrial Area, Delhi, Delhi, India",75,88,23.3,4.4,16.6,11.8,27.7,32.2,88
397,2026-04-12 15:30:00,"ITI Shahdra, Jhilmil Industrial Area, Delhi, Delhi, India",91,99,26.6,5.3,14.2,12.2,27.575,32.4,99
398,2026-04-12 15:30:00,"ITI Shahdra, Jhilmil Industrial Area, Delhi, Delhi, India",91,99,26.6,5.3,14.2,12.2,26.9,33.6,99
399,2026-04-12 16:30:00,"ITI Shahdra, Jhilmil Industrial Area, Delhi, Delhi, India",115,125,29.9,6.2,10.8,12.7,25.9,36.1,125
400,2026-04-12 17:30:00,"ITI Shahdra, Jhilmil Industrial Area, Delhi, Delhi, India",112,120,32.6,7.8,9.1,13.1,26,36.125,120
401,2026-04-12 17:30:00,"ITI Shahdra, Jhilmil Industrial Area, Delhi, Delhi, India",112,120,32.6,7.8,9.1,13.1,25.4333333333333,38.1333333333333,120
402,2026-04-12 18:30:00,"ITI Shahdra, Jhilmil Industrial Area, Delhi, Delhi, India",127,132,29.8,7.2,9.2,12.1,24.9,39.8,132
403,2026-04-12 19:30:00,"ITI Shahdra, Jhilmil Industrial Area, Delhi, Delhi, India",138,122,30.5,9.9,7.8,12.7,25,39.8,138
404,2026-04-12 19:30:00,"ITI Shahdra, Jhilmil Industrial Area, Delhi, Delhi, India",138,122,30.5,9.9,7.8,12.7,24.95,39.95,138
405,2026-04-12 19:30:00,"ITI Shahdra, Jhilmil Industrial Area, Delhi, Delhi, India",138,122,30.5,9.9,7.8,12.7,24.95,39.95,138
406,2026-04-12 19:30:00,"ITI Shahdra, Jhilmil Industrial Area, Delhi, Delhi, India",138,122,30.5,9.9,7.8,12.7,24.95,39.95,138
407,2026-04-12 19:30:00,"ITI Shahdra, Jhilmil Industrial Area, Delhi, Delhi, India",138,122,30.5,9.9,7.8,12.7,24.95,39.95,138
408,2026-04-12 19:30:00,"ITI Shahdra, Jhilmil Industrial Area, Delhi, Delhi, India",138,122,30.5,9.9,7.8,12.7,24.95,39.95,138
409,2026-04-12 19:30:00,"ITI Shahdra, Jhilmil Industrial Area, Delhi, Delhi, India",138,122,30.5,9.9,7.8,12.7,24.95,39.95,138
410,2026-04-12 19:30:00,"ITI Shahdra, Jhilmil Industrial Area, Delhi, Delhi, India",138,122,30.5,9.9,7.8,12.7,24.95,39.95,138
411,2026-04-13 00:30:00,"ITI Shahdra, Jhilmil Industrial Area, Delhi, Delhi, India",132,85,21.7,8.7,11.1,11.8,23.4,47.9,132
412,2026-04-13 04:30:00,"ITI Shahdra, Jhilmil Industrial Area, Delhi, Delhi, India",165,114,22.4,14.1,22.5,11.5,29.7,33.95,165
413,2026-04-13 06:30:00,"ITI Shahdra, Jhilmil Industrial Area, Delhi, Delhi, India",122,96,15.9,7.3,25.6,9.1,31.2,29.4,122
414,2026-04-13 08:30:00,"ITI Shahdra, Jhilmil Industrial Area, Delhi, Delhi, India",65,78,14.6,5.8,28,8.2,32.3,27,78
415,2026-04-13 09:30:00,"ITI Shahdra, Jhilmil Industrial Area, Delhi, Delhi, India",59,79,16.3,7.3,28,7.7,32.375,26.725,79
416,2026-04-13 11:30:00,"ITI Shahdra, Jhilmil Industrial Area, Delhi, Delhi, India",55,69,13.5,5.3,29,7.3,32.1,26.1,69
417,2026-04-13 13:30:00,"ITI Shahdra, Jhilmil Industrial Area, Delhi, Delhi, India",59,76,20.9,5.2,22.6,11.2,28,32.8,76
418,2026-04-13 13:30:00,"ITI Shahdra, Jhilmil Industrial Area, Delhi, Delhi, India",59,76,20.9,5.2,22.6,11.2,27.7666666666667,33.1,76
419,2026-04-13 13:30:00,"ITI Shahdra, Jhilmil Industrial Area, Delhi, Delhi, India",59,76,20.9,5.2,22.6,11.2,27.7666666666667,33.1,76
420,2026-04-13 13:30:00,"ITI Shahdra, Jhilmil Industrial Area, Delhi, Delhi, India",59,76,20.9,5.2,22.6,11.2,27.7666666666667,33.1,76
421,2026-04-13 13:30:00,"ITI Shahdra, Jhilmil Industrial Area, Delhi, Delhi, India",59,76,20.9,5.2,22.6,11.2,27.7666666666667,33.1,76
422,2026-04-13 13:30:00,"ITI Shahdra, Jhilmil Industrial Area, Delhi, Delhi, India",59,76,20.9,5.2,22.6,11.2,27.7666666666667,33.1,76
423,2026-04-13 13:30:00,"ITI Shahdra, Jhilmil Industrial Area, Delhi, Delhi, India",59,76,20.9,5.2,22.6,11.2,27.7666666666667,33.1,76
424,2026-04-13 13:30:00,"ITI Shahdra, Jhilmil Industrial Area, Delhi, Delhi, India",59,76,20.9,5.2,22.6,11.2,27.7666666666667,33.1,76
425,2026-04-13 13:30:00,"ITI Shahdra, Jhilmil Industrial Area, Delhi, Delhi, India",59,76,20.9,5.2,22.6,11.2,27.7666666666667,33.1,76
426,2026-04-13 13:30:00,"ITI Shahdra, Jhilmil Industrial Area, Delhi, Delhi, India",59,76,20.9,5.2,22.6,11.2,27.7666666666667,33.1,76
427,2026-04-13 13:30:00,"ITI Shahdra, Jhilmil Industrial Area, Delhi, Delhi, India",59,76,20.9,5.2,22.6,11.2,27.7666666666667,33.1,76
428,2026-04-14 03:30:00,"ITI Shahdra, Jhilmil Industrial Area, Delhi, Delhi, India",158,110,33,8.9,15.7,12.7,29,37.1,158
429,2026-04-14 04:30:00,"ITI Shahdra, Jhilmil Industrial Area, Delhi, Delhi, India",154,104,27.9,10.1,25.9,13,31,32.85,154
430,2026-04-14 06:30:00,"ITI Shahdra, Jhilmil Industrial Area, Delhi, Delhi, India",165,119,19.4,10,36.5,10.9,32.95,26.85,165
431,2026-04-14 07:30:00,"ITI Shahdra, Jhilmil Industrial Area, Delhi, Delhi, India",151,83,16.9,10.5,38,9.1,33,27.4,151
432,2026-04-14 07:30:00,"ITI Shahdra, Jhilmil Industrial Area, Delhi, Delhi, India",151,83,16.9,10.5,38,9.1,33,27.4,151
433,2026-04-14 07:30:00,"ITI Shahdra, Jhilmil Industrial Area, Delhi, Delhi, India",151,83,16.9,10.5,38,9.1,33,27.4,151
434,2026-04-14 08:30:00,"ITI Shahdra, Jhilmil Industrial Area, Delhi, Delhi, India",117,82,17.4,10.3,37.7,9.1,32.6,27.3,117
435,2026-04-14 13:30:00,"ITI Shahdra, Jhilmil Industrial Area, Delhi, Delhi, India",82,82,20.4,5.8,18.2,12.2,27.35,37.55,82
436,2026-04-14 14:30:00,"ITI Shahdra, Jhilmil Industrial Area, Delhi, Delhi, India",124,106,36.1,5.9,6.9,21.1,26.6,37.9,124
437,2026-04-14 15:30:00,"ITI Shahdra, Jhilmil Industrial Area, Delhi, Delhi, India",174,177,51.6,21.4,2.8,30.5,27.6,34,177
438,2026-04-14 17:30:00,"ITI Shahdra, Jhilmil Industrial Area, Delhi, Delhi, India",191,189,47.8,16.3,2.5,26.8,25.2,41.7333333333333,191
439,2026-04-14 18:30:00,"ITI Shahdra, Jhilmil Industrial Area, Delhi, Delhi, India",186,183,44.7,22.8,2.3,25.1,24.8,42.8,186
440,2026-04-14 19:30:00,"ITI Shahdra, Jhilmil Industrial Area, Delhi, Delhi, India",189,187,45.6,18.8,2.4,18.4,24.55,43.15,189
441,2026-04-14 20:30:00,"ITI Shahdra, Jhilmil Industrial Area, Delhi, Delhi, India",191,140,34.4,19.1,6.1,10.9,23.6,42.9,191
442,2026-04-14 21:30:00,"ITI Shahdra, Jhilmil Industrial Area, Delhi, Delhi, India",191,140,29.4,14.9,6.9,9.5,23.375,43.65,191
443,2026-04-14 22:30:00,"ITI Shahdra, Jhilmil Industrial Area, Delhi, Delhi, India",177,125,35.8,12.1,2.7,10.6,23,46.9666666666667,177
444,2026-04-14 22:30:00,"ITI Shahdra, Jhilmil Industrial Area, Delhi, Delhi, India",177,125,35.8,12.1,2.7,10.6,22.9666666666667,48.6,177
445,2026-04-14 22:30:00,"ITI Shahdra, Jhilmil Industrial Area, Delhi, Delhi, India",177,125,35.8,12.1,2.7,10.6,22.9666666666667,48.6,177
446,2026-04-15 02:30:00,"ITI Shahdra, Jhilmil Industrial Area, Delhi, Delhi, India",172,128,37.1,18.9,6.2,11.5,29.35,34.3,172
447,2026-04-15 05:30:00,"ITI Shahdra, Jhilmil Industrial Area, Delhi, Delhi, India",159,112,21.1,18.5,38.7,6.4,32.9,28.5,159
448,2026-04-15 06:30:00,"ITI Shahdra, Jhilmil Industrial Area, Delhi, Delhi, India",158,112,21,13.6,39,5.5,32.9,27.6,158
449,2026-04-15 08:30:00,"ITI Shahdra, Jhilmil Industrial Area, Delhi, Delhi, India",61,78,15.5,5.8,25.4,2.1,34.3,25,78
450,2026-04-15 09:30:00,"ITI Shahdra, Jhilmil Industrial Area, Delhi, Delhi, India",38,74,17.9,5,23.6,1.9,34.4,24.1,74
451,2026-04-15 10:30:00,"ITI Shahdra, Jhilmil Industrial Area, Delhi, Delhi, India",53,68,17.2,8.5,24.2,1.9,33.95,24.75,68
452,2026-04-15 11:30:00,"ITI Shahdra, Jhilmil Industrial Area, Delhi, Delhi, India",34,61,19,8.4,24.4,2.1,33.3,25.2,61
453,2026-04-15 13:30:00,"ITI Shahdra, Jhilmil Industrial Area, Delhi, Delhi, India",55,70,25.8,5.3,16.9,7.3,30.75,28.6,70
454,2026-04-15 14:30:00,"ITI Shahdra, Jhilmil Industrial Area, Delhi, Delhi, India",83,100,42.2,6.3,6.2,19.3,26.5,37.9,100
455,2026-04-15 15:30:00,"ITI Shahdra, Jhilmil Industrial Area, Delhi, Delhi, India",102,125,49.6,9,2.5,32.6,26.05,41.15,125
456,2026-04-15 15:30:00,"ITI Shahdra, Jhilmil Industrial Area, Delhi, Delhi, India",102,125,49.6,9,2.5,32.6,26.05,41.15,125
457,2026-04-15 18:30:00,"ITI Shahdra, Jhilmil Industrial Area, Delhi, Delhi, India",195,323,43.9,12.7,2.4,39.8,25.5,41.45,323
458,2026-04-15 19:30:00,"ITI Shahdra, Jhilmil Industrial Area, Delhi, Delhi, India",184,265,41.8,14.5,2.4,13.9,24.9666666666667,42.9,265
459,2026-04-15 20:30:00,"ITI Shahdra, Jhilmil Industrial Area, Delhi, Delhi, India",180,238,40.5,12.3,2.4,9.1,24.1666666666667,45.5333333333333,238
460,2026-04-15 20:30:00,"ITI Shahdra, Jhilmil Industrial Area, Delhi, Delhi, India",180,238,40.5,12.3,2.4,9.1,24,45.45,238
461,2026-04-15 21:30:00,"ITI Shahdra, Jhilmil Industrial Area, Delhi, Delhi, India",174,179,41,11.2,2.4,5.8,23.6,47.2,179
462,2026-04-15 22:30:00,"ITI Shahdra, Jhilmil Industrial Area, Delhi, Delhi, India",175,152,39.7,9.6,2.2,9.1,23.3,46.3,175
463,2026-04-15 23:30:00,"ITI Shahdra, Jhilmil Industrial Area, Delhi, Delhi, India",178,142,37.7,9.9,2.3,12.1,23.3,46.9666666666667,178
464,2026-04-16 01:30:00,"ITI Shahdra, Jhilmil Industrial Area, Delhi, Delhi, India",183,139,34.7,7.6,2.6,17.2,26,47.7,183
465,2026-04-16 02:30:00,"ITI Shahdra, Jhilmil Industrial Area, Delhi, Delhi, India",187,147,39.4,7.9,2.8,19,31.7666666666667,33.5,187
466,2026-04-16 06:30:00,"ITI Shahdra, Jhilmil Industrial Area, Delhi, Delhi, India",172,175,19.4,12.5,39.6,8,33.7,28.9,175
467,2026-04-16 08:30:00,"ITI Shahdra, Jhilmil Industrial Area, Delhi, Delhi, India",97,89,14.9,9.9,35.9,5.9,34.6,26.6,97
468,2026-04-16 09:30:00,"ITI Shahdra, Jhilmil Industrial Area, Delhi, Delhi, India",76,76,13.3,8.5,35.5,5.5,34.8,26.4,76
469,2026-04-16 10:30:00,"ITI Shahdra, Jhilmil Industrial Area, Delhi, Delhi, India",75,72,16.2,8.4,33.1,5.5,34.4,26.1,75
470,2026-04-16 11:30:00,"ITI Shahdra, Jhilmil Industrial Area, Delhi, Delhi, India",75,76,16.2,8.2,24.2,5.8,34.2333333333333,26.1,76
471,2026-04-16 11:30:00,"ITI Shahdra, Jhilmil Industrial Area, Delhi, Delhi, India",75,76,16.2,8.2,24.2,5.8,34.2333333333333,26.1,76
472,2026-04-16 14:30:00,"ITI Shahdra, Jhilmil Industrial Area, Delhi, Delhi, India",162,259,53.2,12.7,2.6,23.5,27.7,39.3,259
473,2026-04-16 14:30:00,"ITI Shahdra, Jhilmil Industrial Area, Delhi, Delhi, India",162,259,53.2,12.7,2.6,23.5,27.7,39.3,259
474,2026-04-16 14:30:00,"ITI Shahdra, Jhilmil Industrial Area, Delhi, Delhi, India",162,259,53.2,12.7,2.6,23.5,27.7,39.3,259
475,2026-04-16 19:30:00,"ITI Shahdra, Jhilmil Industrial Area, Delhi, Delhi, India",221,432,47.3,12.9,2.7,26.7,25.45,48.95,432
476,2026-04-16 19:30:00,"ITI Shahdra, Jhilmil Industrial Area, Delhi, Delhi, India",221,404,46.5,12.3,2.7,26.5,25.45,48.9,404
477,2026-04-16 20:30:00,"ITI Shahdra, Jhilmil Industrial Area, Delhi, Delhi, India",221,333,42.5,12.2,3.1,24.4,25.5333333333333,48.8666666666667,333
478,2026-04-16 21:30:00,"ITI Shahdra, Jhilmil Industrial Area, Delhi, Delhi, India",254,409,39.5,16.5,2.7,16.3,26.1,45.8,409
479,2026-04-16 21:30:00,"ITI Shahdra, Jhilmil Industrial Area, Delhi, Delhi, India",254,409,39.5,16.5,2.7,16.3,25.8,47.35,409
480,2026-04-16 22:30:00,"ITI Shahdra, Jhilmil Industrial Area, Delhi, Delhi, India",254,409,39.5,16.5,3,13,25.2,50.35,409
481,2026-04-16 23:30:00,"ITI Shahdra, Jhilmil Industrial Area, Delhi, Delhi, India",237,315,34.6,16.9,3,12.2,25.1,51.6,315
482,2026-04-17 03:30:00,"ITI Shahdra, Jhilmil Industrial Area, Delhi, Delhi, India",257,350,80.3,16.7,3.7,25.3,29.3,43.25,350
483,2026-04-17 05:30:00,"ITI Shahdra, Jhilmil Industrial Area, Delhi, Delhi, India",186,212,31.4,20.3,18.7,9.1,32.8,28.9,212
484,2026-04-17 06:30:00,"ITI Shahdra, Jhilmil Industrial Area, Delhi, Delhi, India",162,155,28.5,15.4,26.3,8.2,33.4,28.05,162
485,2026-04-17 07:30:00,"ITI Shahdra, Jhilmil Industrial Area, Delhi, Delhi, India",137,126,20.7,13,36.3,5.8,34.1333333333333,27.8,137
486,2026-04-17 09:30:00,"ITI Shahdra, Jhilmil Industrial Area, Delhi, Delhi, India",134,118,19.2,9.5,33.8,4.3,32.45,31.05,134
487,2026-04-17 10:30:00,"ITI Shahdra, Jhilmil Industrial Area, Delhi, Delhi, India",99,101,22.8,7.9,19.6,5.2,31.3,32.05,101
488,2026-04-17 11:30:00,"ITI Shahdra, Jhilmil Industrial Area, Delhi, Delhi, India",112,138,32.4,20.7,14.7,6.1,28.9,39.9,138
489,2026-04-17 13:30:00,"ITI Shahdra, Jhilmil Industrial Area, Delhi, Delhi, India",154,218,19.9,7.7,8.1,7,25.3,56.7,218
490,2026-04-17 13:30:00,"ITI Shahdra, Jhilmil Industrial Area, Delhi, Delhi, India",154,218,19.9,7.7,8.1,7,26,52.1333333333333,218
491,2026-04-17 13:30:00,"ITI Shahdra, Jhilmil Industrial Area, Delhi, Delhi, India",154,218,19.9,7.7,8.1,7,26,52.1333333333333,218
492,2026-04-17 13:30:00,"ITI Shahdra, Jhilmil Industrial Area, Delhi, Delhi, India",154,218,19.9,7.7,8.1,7,26,52.1333333333333,218
493,2026-04-17 13:30:00,"ITI Shahdra, Jhilmil Industrial Area, Delhi, Delhi, India",154,218,19.9,7.7,8.1,7,26,52.1333333333333,218
494,2026-04-17 13:30:00,"ITI Shahdra, Jhilmil Industrial Area, Delhi, Delhi, India",154,218,19.9,7.7,8.1,7,26,52.1333333333333,218
495,2026-04-17 13:30:00,"ITI Shahdra, Jhilmil Industrial Area, Delhi, Delhi, India",154,218,19.9,7.7,8.1,7,26,52.1333333333333,218
496,2026-04-17 13:30:00,"ITI Shahdra, Jhilmil Industrial Area, Delhi, Delhi, India",154,218,19.9,7.7,8.1,7,26,52.1333333333333,218
497,2026-04-17 13:30:00,"ITI Shahdra, Jhilmil Industrial Area, Delhi, Delhi, India",154,218,19.9,7.7,8.1,7,26,52.1333333333333,218
498,2026-04-17 13:30:00,"ITI Shahdra, Jhilmil Industrial Area, Delhi, Delhi, India",154,218,19.9,7.7,8.1,7,26,52.1333333333333,218
499,2026-04-17 13:30:00,"ITI Shahdra, Jhilmil Industrial Area, Delhi, Delhi, India",154,218,19.9,7.7,8.1,7,26,52.1333333333333,218
500,2026-04-17 13:30:00,"ITI Shahdra, Jhilmil Industrial Area, Delhi, Delhi, India",154,218,19.9,7.7,8.1,7,26,52.1333333333333,218
501,2026-04-17 13:30:00,"ITI Shahdra, Jhilmil Industrial Area, Delhi, Delhi, India",154,218,19.9,7.7,8.1,7,26,52.1333333333333,218
502,2026-04-17 13:30:00,"ITI Shahdra, Jhilmil Industrial Area, Delhi, Delhi, India",154,218,19.9,7.7,8.1,7,26,52.1333333333333,218
503,2026-04-17 13:30:00,"ITI Shahdra, Jhilmil Industrial Area, Delhi, Delhi, India",154,218,19.9,7.7,8.1,7,26,52.1333333333333,218
504,2026-04-17 13:30:00,"ITI Shahdra, Jhilmil Industrial Area, Delhi, Delhi, India",154,218,19.9,7.7,8.1,7,26,52.1333333333333,218
505,2026-04-17 13:30:00,"ITI Shahdra, Jhilmil Industrial Area, Delhi, Delhi, India",154,218,19.9,7.7,8.1,7,26,52.1333333333333,218
506,2026-04-17 13:30:00,"ITI Shahdra, Jhilmil Industrial Area, Delhi, Delhi, India",154,218,19.9,7.7,8.1,7,26,52.1333333333333,218
507,2026-04-17 13:30:00,"ITI Shahdra, Jhilmil Industrial Area, Delhi, Delhi, India",154,218,19.9,7.7,8.1,7,26,52.1333333333333,218
508,2026-04-17 13:30:00,"ITI Shahdra, Jhilmil Industrial Area, Delhi, Delhi, India",154,218,19.9,7.7,8.1,7,26,52.1333333333333,218
509,2026-04-17 13:30:00,"ITI Shahdra, Jhilmil Industrial Area, Delhi, Delhi, India",154,218,19.9,7.7,8.1,7,26,52.1333333333333,218
510,2026-04-17 13:30:00,"ITI Shahdra, Jhilmil Industrial Area, Delhi, Delhi, India",154,218,19.9,7.7,8.1,7,26,52.1333333333333,218
511,2026-04-17 13:30:00,"ITI Shahdra, Jhilmil Industrial Area, Delhi, Delhi, India",154,218,19.9,7.7,8.1,7,26,52.1333333333333,218
512,2026-04-17 13:30:00,"ITI Shahdra, Jhilmil Industrial Area, Delhi, Delhi, India",154,218,19.9,7.7,8.1,7,26,52.1333333333333,218
513,2026-04-17 13:30:00,"ITI Shahdra, Jhilmil Industrial Area, Delhi, Delhi, India",154,218,19.9,7.7,8.1,7,26,52.1333333333333,218
514,2026-04-17 13:30:00,"ITI Shahdra, Jhilmil Industrial Area, Delhi, Delhi, India",154,218,19.9,7.7,8.1,7,26,52.1333333333333,218
515,2026-04-18 15:30:00,"ITI Shahdra, Jhilmil Industrial Area, Delhi, Delhi, India",167,194,46,9.4,2.7,49.3,26.9,44.85,194
516,2026-04-18 15:30:00,"ITI Shahdra, Jhilmil Industrial Area, Delhi, Delhi, India",167,194,46,9.4,2.7,49.3,26.9,44.85,194
517,2026-04-18 15:30:00,"ITI Shahdra, Jhilmil Industrial Area, Delhi, Delhi, India",167,194,46,9.4,2.7,49.3,26.9,44.85,194
518,2026-04-18 15:30:00,"ITI Shahdra, Jhilmil Industrial Area, Delhi, Delhi, India",167,194,46,9.4,2.7,49.3,26.9,44.85,194
519,2026-04-18 15:30:00,"ITI Shahdra, Jhilmil Industrial Area, Delhi, Delhi, India",167,194,46,9.4,2.7,49.3,26.9,44.85,194
520,2026-04-18 15:30:00,"ITI Shahdra, Jhilmil Industrial Area, Delhi, Delhi, India",167,194,46,9.4,2.7,49.3,26.9,44.85,194
521,2026-04-18 15:30:00,"ITI Shahdra, Jhilmil Industrial Area, Delhi, Delhi, India",167,194,46,9.4,2.7,49.3,26.9,44.85,194
522,2026-04-18 15:30:00,"ITI Shahdra, Jhilmil Industrial Area, Delhi, Delhi, India",167,194,46,9.4,2.7,49.3,26.9,44.85,194
523,2026-04-18 15:30:00,"ITI Shahdra, Jhilmil Industrial Area, Delhi, Delhi, India",167,194,46,9.4,2.7,49.3,26.9,44.85,194
524,2026-04-18 15:30:00,"ITI Shahdra, Jhilmil Industrial Area, Delhi, Delhi, India",167,194,46,9.4,2.7,49.3,26.9,44.85,194
525,2026-04-18 15:30:00,"ITI Shahdra, Jhilmil Industrial Area, Delhi, Delhi, India",167,194,46,9.4,2.7,49.3,26.9,44.85,194
526,2026-04-18 15:30:00,"ITI Shahdra, Jhilmil Industrial Area, Delhi, Delhi, India",167,194,46,9.4,2.7,49.3,26.9,44.85,194
527,2026-04-18 15:30:00,"ITI Shahdra, Jhilmil Industrial Area, Delhi, Delhi, India",167,194,46,9.4,2.7,49.3,26.9,44.85,194
528,2026-04-18 15:30:00,"ITI Shahdra, Jhilmil Industrial Area, Delhi, Delhi, India",167,194,46,9.4,2.7,49.3,26.9,44.85,194
529,2026-04-18 15:30:00,"ITI Shahdra, Jhilmil Industrial Area, Delhi, Delhi, India",167,194,46,9.4,2.7,49.3,26.9,44.85,194
530,2026-04-18 15:30:00,"ITI Shahdra, Jhilmil Industrial Area, Delhi, Delhi, India",167,194,46,9.4,2.7,49.3,26.9,44.85,194
531,2026-04-19 07:30:00,"ITI Shahdra, Jhilmil Industrial Area, Delhi, Delhi, India",178,163,19.1,20,31.1,7.7,34.45,29.55,178
532,2026-04-19 08:30:00,"ITI Shahdra, Jhilmil Industrial Area, Delhi, Delhi, India",156,131,13.4,12.3,27.2,5.5,34.9,27.9333333333333,156
533,2026-04-19 08:30:00,"ITI Shahdra, Jhilmil Industrial Area, Delhi, Delhi, India",156,131,13.4,12.3,27.2,5.5,35.1,25.8,156
534,2026-04-19 09:30:00,"ITI Shahdra, Jhilmil Industrial Area, Delhi, Delhi, India",79,93,12.1,7.1,21.1,3.7,34.95,26.45,93
535,2026-04-19 10:30:00,"ITI Shahdra, Jhilmil Industrial Area, Delhi, Delhi, India",59,82,13.3,7.9,24.4,4.3,34.6,27,82
536,2026-04-19 10:30:00,"ITI Shahdra, Jhilmil Industrial Area, Delhi, Delhi, India",59,82,13.3,7.9,24.4,4.3,34.5,26.8333333333333,82
537,2026-04-19 11:30:00,"ITI Shahdra, Jhilmil Industrial Area, Delhi, Delhi, India",72,76,13.7,7.4,23,4.6,34,26.9,76
538,2026-04-19 12:30:00,"ITI Shahdra, Jhilmil Industrial Area, Delhi, Delhi, India",64,73,17.9,7.1,21.8,5.5,32.35,28.2,73
539,2026-04-19 13:30:00,"ITI Shahdra, Jhilmil Industrial Area, Delhi, Delhi, India",82,87,24.8,6.6,16.7,8.5,30.05,32.35,87
540,2026-04-19 14:30:00,"ITI Shahdra, Jhilmil Industrial Area, Delhi, Delhi, India",123,101,34.3,7.1,9.6,12.7,29.975,32.85,123
541,2026-04-19 14:30:00,"ITI Shahdra, Jhilmil Industrial Area, Delhi, Delhi, India",123,101,34.3,7.1,9.6,12.7,29.55,33.05,123
542,2026-04-19 15:30:00,"ITI Shahdra, Jhilmil Industrial Area, Delhi, Delhi, India",152,129,46,10.5,4.7,18.4,30.1,31.1,152
543,2026-04-19 16:30:00,"ITI Shahdra, Jhilmil Industrial Area, Delhi, Delhi, India",161,156,39.1,10.9,8.1,12.9,30,32.4,161
544,2026-04-19 16:30:00,"ITI Shahdra, Jhilmil Industrial Area, Delhi, Delhi, India",161,156,39.1,10.9,8.1,12.9,29.8666666666667,32.9333333333333,161
545,2026-04-19 17:30:00,"ITI Shahdra, Jhilmil Industrial Area, Delhi, Delhi, India",163,159,29.6,18.2,10.6,9.1,29.775,33.25,163
546,2026-04-19 17:30:00,"ITI Shahdra, Jhilmil Industrial Area, Delhi, Delhi, India",163,159,29.6,18.2,10.6,9.1,29,35.5,163
547,2026-04-19 19:30:00,"ITI Shahdra, Jhilmil Industrial Area, Delhi, Delhi, India",162,154,32.5,11.9,6.3,13.6,28.2,37.8,162
548,2026-04-19 19:30:00,"ITI Shahdra, Jhilmil Industrial Area, Delhi, Delhi, India",162,154,32.5,11.9,6.3,13.6,28.1,37.95,162
549,2026-04-19 20:30:00,"ITI Shahdra, Jhilmil Industrial Area, Delhi, Delhi, India",187,183,28.7,11.2,7,12.4,27.8,38.9,187
550,2026-04-19 20:30:00,"ITI Shahdra, Jhilmil Industrial Area, Delhi, Delhi, India",187,183,28.7,11.2,7,12.4,27.7333333333333,39.1,187
551,2026-04-19 21:30:00,"ITI Shahdra, Jhilmil Industrial Area, Delhi, Delhi, India",157,150,25.1,8.3,6.9,10.9,27.5,40,157
552,2026-04-19 21:30:00,"ITI Shahdra, Jhilmil Industrial Area, Delhi, Delhi, India",157,150,25.1,8.3,6.9,10.9,27.5,40,157
553,2026-04-19 21:30:00,"ITI Shahdra, Jhilmil Industrial Area, Delhi, Delhi, India",157,150,25.1,8.3,6.9,10.9,27.5,40,157
554,2026-04-19 21:30:00,"ITI Shahdra, Jhilmil Industrial Area, Delhi, Delhi, India",157,150,25.1,8.3,6.9,10.9,27.5,40,157
555,2026-04-20 03:30:00,"ITI Shahdra, Jhilmil Industrial Area, Delhi, Delhi, India",163,126,22.8,14.5,11.8,12.4,30.3,36.8666666666667,163
556,2026-04-20 05:30:00,"ITI Shahdra, Jhilmil Industrial Area, Delhi, Delhi, India",162,136,19.3,16.5,26.4,12.2,33.1,30.7,162
557,2026-04-20 05:30:00,"ITI Shahdra, Jhilmil Industrial Area, Delhi, Delhi, India",162,136,19.3,16.5,26.4,12.2,33.1,30.7,162
558,2026-04-20 09:30:00,"ITI Shahdra, Jhilmil Industrial Area, Delhi, Delhi, India",68,90,12.4,5.6,22.4,7.9,35,25.9,90
559,2026-04-20 11:30:00,"ITI Shahdra, Jhilmil Industrial Area, Delhi, Delhi, India",70,82,13.7,5.4,23.3,7.9,34.1,26.2666666666667,82
560,2026-04-20 11:30:00,"ITI Shahdra, Jhilmil Industrial Area, Delhi, Delhi, India",70,82,13.7,5.4,23.3,7.9,33.25,27,82
561,2026-04-20 13:30:00,"ITI Shahdra, Jhilmil Industrial Area, Delhi, Delhi, India",67,97,23,7.3,19,11.2,31,28.7333333333333,97
562,2026-04-20 15:30:00,"ITI Shahdra, Jhilmil Industrial Area, Delhi, Delhi, India",114,128,35.1,9.6,11.2,15.1,29.4,30.5,128
563,2026-04-20 16:30:00,"ITI Shahdra, Jhilmil Industrial Area, Delhi, Delhi, India",131,138,39.1,9.6,7.7,17.8,28.6,30.8,138
564,2026-04-20 17:30:00,"ITI Shahdra, Jhilmil Industrial Area, Delhi, Delhi, India",151,146,39.9,10.6,7.9,15.4,28.8,30.1333333333333,151
565,2026-04-20 18:30:00,"ITI Shahdra, Jhilmil Industrial Area, Delhi, Delhi, India",153,151,31,11.9,11.3,12.2,28.875,29.125,153
566,2026-04-20 19:30:00,"ITI Shahdra, Jhilmil Industrial Area, Delhi, Delhi, India",155,144,27.4,9.4,11.2,11.2,28,30.6,155
567,2026-04-20 19:30:00,"ITI Shahdra, Jhilmil Industrial Area, Delhi, Delhi, India",155,144,27.4,9.4,11.2,11.2,27.95,30.6,155
568,2026-04-20 20:30:00,"ITI Shahdra, Jhilmil Industrial Area, Delhi, Delhi, India",151,131,27.7,7.8,10.9,10.4,27.7,31,151
569,2026-04-20 21:30:00,"ITI Shahdra, Jhilmil Industrial Area, Delhi, Delhi, India",127,117,24.1,7.1,12.6,10,27.5,32,127
570,2026-04-20 22:30:00,"ITI Shahdra, Jhilmil Industrial Area, Delhi, Delhi, India",95,103,20.4,7.4,14.2,9.1,27.45,32,103
571,2026-04-20 23:30:00,"ITI Shahdra, Jhilmil Industrial Area, Delhi, Delhi, India",91,96,27.8,7.6,11.9,10,26.95,33.05,96
572,2026-04-21 01:30:00,"ITI Shahdra, Jhilmil Industrial Area, Delhi, Delhi, India",142,103,27.2,8.9,7.1,10.9,25.975,37.875,142
573,2026-04-21 03:30:00,"ITI Shahdra, Jhilmil Industrial Area, Delhi, Delhi, India",152,137,32.2,20.6,15.7,14.1,30.45,33.1,152
574,2026-04-21 05:30:00,"ITI Shahdra, Jhilmil Industrial Area, Delhi, Delhi, India",167,160,21.3,14.5,29.5,12.4,32.2,31.8,167
575,2026-04-21 05:30:00,"ITI Shahdra, Jhilmil Industrial Area, Delhi, Delhi, India",167,160,21.3,14.5,29.5,12.4,33.9,26.65,167
576,2026-04-21 08:30:00,"ITI Shahdra, Jhilmil Industrial Area, Delhi, Delhi, India",79,131,14.1,5.7,24.3,9.1,34.1333333333333,26.3666666666667,131
577,2026-04-21 10:30:00,"ITI Shahdra, Jhilmil Industrial Area, Delhi, Delhi, India",63,101,14.7,6.6,27.1,9.1,33.7,27.1,101
578,2026-04-21 11:30:00,"ITI Shahdra, Jhilmil Industrial Area, Delhi, Delhi, India",67,97,15.5,7.3,28.1,9.8,33.1,28.1,97
579,2026-04-21 13:30:00,"ITI Shahdra, Jhilmil Industrial Area, Delhi, Delhi, India",91,106,21.2,6.9,23.5,12.7,31.5,30.4,106
580,2026-04-21 14:30:00,"ITI Shahdra, Jhilmil Industrial Area, Delhi, Delhi, India",122,123,32,9.1,13.6,17.7,29.7,34.3,123
581,2026-04-21 15:30:00,"ITI Shahdra, Jhilmil Industrial Area, Delhi, Delhi, India",142,131,36.8,12.9,9.8,22,28.25,36.5,142
582,2026-04-21 16:30:00,"ITI Shahdra, Jhilmil Industrial Area, Delhi, Delhi, India",158,142,43.8,13,5.9,25.1,28,36.95,158
583,2026-04-21 16:30:00,"ITI Shahdra, Jhilmil Industrial Area, Delhi, Delhi, India",158,142,43.8,13,5.9,25.1,28,36.95,158
584,2026-04-21 16:30:00,"ITI Shahdra, Jhilmil Industrial Area, Delhi, Delhi, India",158,142,43.8,13,5.9,25.1,28,36.95,158
585,2026-04-21 16:30:00,"ITI Shahdra, Jhilmil Industrial Area, Delhi, Delhi, India",158,142,43.8,13,5.9,25.1,28,36.95,158
586,2026-04-21 20:30:00,"ITI Shahdra, Jhilmil Industrial Area, Delhi, Delhi, India",162,156,36.2,10.4,4.5,10,25.7,39.7,162
587,2026-04-21 21:30:00,"ITI Shahdra, Jhilmil Industrial Area, Delhi, Delhi, India",162,156,38,9.4,3.4,10.3,25.8,40.5,162
588,2026-04-21 22:30:00,"ITI Shahdra, Jhilmil Industrial Area, Delhi, Delhi, India",159,132,38.1,10.5,3.4,10.4,25.7,40.8,159
589,2026-04-21 22:30:00,"ITI Shahdra, Jhilmil Industrial Area, Delhi, Delhi, India",159,132,38.1,10.5,3.4,10.4,25.7,40.7,159
590,2026-04-21 23:30:00,"ITI Shahdra, Jhilmil Industrial Area, Delhi, Delhi, India",167,137,35.5,12.5,4.6,10,25.4,41.7,167
591,2026-04-22 02:30:00,"ITI Shahdra, Jhilmil Industrial Area, Delhi, Delhi, India",191,163,38.6,18.5,6,13.8,30.6,34.5,191
592,2026-04-22 04:30:00,"ITI Shahdra, Jhilmil Industrial Area, Delhi, Delhi, India",191,236,26.8,15.2,25.2,11.6,31.3,33.1,236
593,2026-04-22 04:30:00,"ITI Shahdra, Jhilmil Industrial Area, Delhi, Delhi, India",191,236,26.8,15.2,25.2,11.6,31.3,33.1,236
594,2026-04-22 04:30:00,"ITI Shahdra, Jhilmil Industrial Area, Delhi, Delhi, India",191,236,26.8,15.2,25.2,11.6,31.3,33.1,236
595,2026-04-22 04:30:00,"ITI Shahdra, Jhilmil Industrial Area, Delhi, Delhi, India",191,236,26.8,15.2,25.2,11.6,31.3,33.1,236
596,2026-04-22 04:30:00,"ITI Shahdra, Jhilmil Industrial Area, Delhi, Delhi, India",191,236,26.8,15.2,25.2,11.6,31.3,33.1,236
597,2026-04-22 04:30:00,"ITI Shahdra, Jhilmil Industrial Area, Delhi, Delhi, India",191,236,26.8,15.2,25.2,11.6,31.3,33.1,236
598,2026-04-22 04:30:00,"ITI Shahdra, Jhilmil Industrial Area, Delhi, Delhi, India",191,236,26.8,15.2,25.2,11.6,31.3,33.1,236
599,2026-04-22 04:30:00,"ITI Shahdra, Jhilmil Industrial Area, Delhi, Delhi, India",191,236,26.8,15.2,25.2,11.6,31.3,33.1,236
600,2026-04-22 04:30:00,"ITI Shahdra, Jhilmil Industrial Area, Delhi, Delhi, India",191,236,26.8,15.2,25.2,11.6,31.3,33.1,236
601,2026-04-22 04:30:00,"ITI Shahdra, Jhilmil Industrial Area, Delhi, Delhi, India",191,236,26.8,15.2,25.2,11.6,31.3,33.1,236
602,2026-04-22 04:30:00,"ITI Shahdra, Jhilmil Industrial Area, Delhi, Delhi, India",191,236,26.8,15.2,25.2,11.6,31.3,33.1,236
603,2026-04-22 04:30:00,"ITI Shahdra, Jhilmil Industrial Area, Delhi, Delhi, India",191,236,26.8,15.2,25.2,11.6,31.3,33.1,236
604,2026-04-22 04:30:00,"ITI Shahdra, Jhilmil Industrial Area, Delhi, Delhi, India",191,236,26.8,15.2,25.2,11.6,31.3,33.1,236
605,2026-04-22 04:30:00,"ITI Shahdra, Jhilmil Industrial Area, Delhi, Delhi, India",191,236,26.8,15.2,25.2,11.6,31.3,33.1,236
606,2026-04-22 04:30:00,"ITI Shahdra, Jhilmil Industrial Area, Delhi, Delhi, India",191,236,26.8,15.2,25.2,11.6,31.3,33.1,236
607,2026-04-22 04:30:00,"ITI Shahdra, Jhilmil Industrial Area, Delhi, Delhi, India",191,236,26.8,15.2,25.2,11.6,31.3,33.1,236
608,2026-04-22 04:30:00,"ITI Shahdra, Jhilmil Industrial Area, Delhi, Delhi, India",191,236,26.8,15.2,25.2,11.6,31.3,33.1,236
609,2026-04-23 03:30:00,"ITI Shahdra, Jhilmil Industrial Area, Delhi, Delhi, India",72,96,24,6.6,13.1,6.4,30.6,29.7,96
610,2026-04-23 05:30:00,"ITI Shahdra, Jhilmil Industrial Area, Delhi, Delhi, India",85,109,19.7,9.7,20,6.1,33.6,27.9,109
611,2026-04-23 06:30:00,"ITI Shahdra, Jhilmil Industrial Area, Delhi, Delhi, India",79,107,18.9,10.1,23.8,6,34.2,27.45,107
612,2026-04-23 08:30:00,"ITI Shahdra, Jhilmil Industrial Area, Delhi, Delhi, India",72,104,17.1,7.5,28.3,5.2,35.75,25.9,104
613,2026-04-23 10:30:00,"ITI Shahdra, Jhilmil Industrial Area, Delhi, Delhi, India",65,78,15.8,5.5,26.7,10,35.6,25.9,78
614,2026-04-23 11:30:00,"ITI Shahdra, Jhilmil Industrial Area, Delhi, Delhi, India",65,78,15.4,5.7,27.4,10.4,35.25,26.4,78
615,2026-04-23 12:30:00,"ITI Shahdra, Jhilmil Industrial Area, Delhi, Delhi, India",63,79,16.5,5.8,25,11.6,34.375,27.525,79
616,2026-04-23 14:30:00,"ITI Shahdra, Jhilmil Industrial Area, Delhi, Delhi, India",112,105,35.2,6.3,9.2,22.2,28.9,36.7,112
617,2026-04-23 15:30:00,"ITI Shahdra, Jhilmil Industrial Area, Delhi, Delhi, India",122,125,56.7,6.7,2.6,32.6,28.15,40,125
618,2026-04-23 17:30:00,"ITI Shahdra, Jhilmil Industrial Area, Delhi, Delhi, India",174,202,55.1,8.7,2.5,56.3,27.7,42.1,202
619,2026-04-23 18:30:00,"ITI Shahdra, Jhilmil Industrial Area, Delhi, Delhi, India",191,261,47.1,20.4,2.4,42.2,28.3666666666667,39.5333333333333,261
620,2026-04-23 19:30:00,"ITI Shahdra, Jhilmil Industrial Area, Delhi, Delhi, India",203,339,42,46.6,2.3,8.8,26.6,43.2,339
621,2026-04-23 20:30:00,"ITI Shahdra, Jhilmil Industrial Area, Delhi, Delhi, India",256,336,40.7,35.7,2.2,7.3,26.475,43.775,336
622,2026-04-23 21:30:00,"ITI Shahdra, Jhilmil Industrial Area, Delhi, Delhi, India",260,296,40.6,25.2,2.2,8.2,27.2,41,296
623,2026-04-23 22:30:00,"ITI Shahdra, Jhilmil Industrial Area, Delhi, Delhi, India",249,272,43.8,18.8,2.1,11.6,27.15,40.55,272
624,2026-04-23 22:30:00,"ITI Shahdra, Jhilmil Industrial Area, Delhi, Delhi, India",249,272,43.8,18.8,2.1,11.6,26.3333333333333,43.2,272
625,2026-04-23 23:30:00,"ITI Shahdra, Jhilmil Industrial Area, Delhi, Delhi, India",206,180,42.6,15.8,2.1,14.1,27.7,38.6,206
626,2026-04-24 03:30:00,"ITI Shahdra, Jhilmil Industrial Area, Delhi, Delhi, India",174,159,30.1,8.4,10.4,9.8,30.875,33.975,174
627,2026-04-24 05:30:00,"ITI Shahdra, Jhilmil Industrial Area, Delhi, Delhi, India",151,147,21.3,12,28.2,8.2,33.7666666666667,30.9333333333333,151
628,2026-04-24 07:30:00,"ITI Shahdra, Jhilmil Industrial Area, Delhi, Delhi, India",157,153,17.7,12.7,41,6.7,37.8,27.7,157
629,2026-04-24 09:30:00,"ITI Shahdra, Jhilmil Industrial Area, Delhi, Delhi, India",99,110,15,9.4,39.8,10.9,37.925,27.675,110
630,2026-04-24 10:30:00,"ITI Shahdra, Jhilmil Industrial Area, Delhi, Delhi, India",117,120,16,9.8,35.8,10.9,37.6,27.9,120
631,2026-04-24 11:30:00,"ITI Shahdra, Jhilmil Industrial Area, Delhi, Delhi, India",117,121,13.4,8.7,30.9,10.4,37.3,28.4,121
632,2026-04-24 12:30:00,"ITI Shahdra, Jhilmil Industrial Area, Delhi, Delhi, India",102,109,17.6,7.6,27.7,10.9,35.15,31.85,109
633,2026-04-24 14:30:00,"ITI Shahdra, Jhilmil Industrial Area, Delhi, Delhi, India",127,118,44.7,7.2,7.1,27.6,32.4,37,127
634,2026-04-24 15:30:00,"ITI Shahdra, Jhilmil Industrial Area, Delhi, Delhi, India",157,161,55.6,7.8,2.6,33.5,31.4,40.5,161
635,2026-04-24 16:30:00,"ITI Shahdra, Jhilmil Industrial Area, Delhi, Delhi, India",183,330,56.2,16.4,2.4,43.4,31.2666666666667,41.1333333333333,330
636,2026-04-24 17:30:00,"ITI Shahdra, Jhilmil Industrial Area, Delhi, Delhi, India",216,370,53.9,14.1,2.2,38,31.75,38.6,370
637,2026-04-24 17:30:00,"ITI Shahdra, Jhilmil Industrial Area, Delhi, Delhi, India",216,380,53.3,14.5,2.2,37.6,31.05,40.75,380
638,2026-04-24 18:30:00,"ITI Shahdra, Jhilmil Industrial Area, Delhi, Delhi, India",222,435,48.8,17.1,2.4,32.1,29.9666666666667,45.3666666666667,435
639,2026-04-24 19:30:00,"ITI Shahdra, Jhilmil Industrial Area, Delhi, Delhi, India",234,460,45.7,18.2,2.3,20.8,29.7,45.7,460
640,2026-04-24 20:30:00,"ITI Shahdra, Jhilmil Industrial Area, Delhi, Delhi, India",244,455,44.8,16.6,2.5,17.2,29.9,43.6,455
641,2026-04-24 21:30:00,"ITI Shahdra, Jhilmil Industrial Area, Delhi, Delhi, India",222,392,32.6,14.8,2.8,8,29.875,43.125,392
642,2026-04-24 22:30:00,"ITI Shahdra, Jhilmil Industrial Area, Delhi, Delhi, India",183,188,24.9,13.6,4.6,3.7,30.7333333333333,39.8,188
643,2026-04-24 22:30:00,"ITI Shahdra, Jhilmil Industrial Area, Delhi, Delhi, India",183,188,24.9,13.6,4.6,3.7,30.8333333333333,39.6333333333333,188
644,2026-04-24 23:30:00,"ITI Shahdra, Jhilmil Industrial Area, Delhi, Delhi, India",166,151,22.6,14.2,5.8,11.1,30.5,41.1,166
645,2026-04-25 02:30:00,"ITI Shahdra, Jhilmil Industrial Area, Delhi, Delhi, India",175,157,29.3,21.7,6.1,14.1,33.0666666666667,38.0666666666667,175
646,2026-04-25 04:30:00,"ITI Shahdra, Jhilmil Industrial Area, Delhi, Delhi, India",221,295,22.7,22.9,18.2,13,36.3,32.4,295
647,2026-04-25 04:30:00,"ITI Shahdra, Jhilmil Industrial Area, Delhi, Delhi, India",221,295,22.7,22.9,18.2,13,36.3,32.4,295
648,2026-04-25 04:30:00,"ITI Shahdra, Jhilmil Industrial Area, Delhi, Delhi, India",221,295,22.7,22.9,18.2,13,36.3,32.4,295
649,2026-04-25 08:30:00,"ITI Shahdra, Jhilmil Industrial Area, Delhi, Delhi, India",128,124,17,15,29,9.1,37.85,28.95,128
650,2026-04-25 09:30:00,"ITI Shahdra, Jhilmil Industrial Area, Delhi, Delhi, India",129,122,15.6,9.1,22,8.4,38.125,27.675,129
651,2026-04-25 09:30:00,"ITI Shahdra, Jhilmil Industrial Area, Delhi, Delhi, India",129,122,15.6,9.1,22,8.4,37.2,28.4333333333333,129
652,2026-04-25 10:30:00,"ITI Shahdra, Jhilmil Industrial Area, Delhi, Delhi, India",97,114,17.6,7.5,20.2,9.5,37.65,27.8,114
653,2026-04-25 11:30:00,"ITI Shahdra, Jhilmil Industrial Area, Delhi, Delhi, India",98,125,15.9,7,20.3,9.3,37.5,28.1,125
654,2026-04-25 12:30:00,"ITI Shahdra, Jhilmil Industrial Area, Delhi, Delhi, India",90,126,18.6,6.7,19.5,10,37.125,28.6,126
655,2026-04-25 13:30:00,"ITI Shahdra, Jhilmil Industrial Area, Delhi, Delhi, India",105,127,23.2,6.5,15.1,12.4,34.9,31.6,127
656,2026-04-25 13:30:00,"ITI Shahdra, Jhilmil Industrial Area, Delhi, Delhi, India",105,127,23.2,6.5,15.1,12.4,34.6666666666667,31.9333333333333,127
657,2026-04-25 14:30:00,"ITI Shahdra, Jhilmil Industrial Area, Delhi, Delhi, India",127,142,31,7.7,9.9,16.8,33.1666666666667,35.3333333333333,142
658,2026-04-25 15:30:00,"ITI Shahdra, Jhilmil Industrial Area, Delhi, Delhi, India",153,164,39.1,9.6,4.8,22.6,32.9,35.3,164
659,2026-04-25 15:30:00,"ITI Shahdra, Jhilmil Industrial Area, Delhi, Delhi, India",153,164,39.1,9.6,4.8,22.6,32.95,35.15,164
660,2026-04-25 17:30:00,"ITI Shahdra, Jhilmil Industrial Area, Delhi, Delhi, India",166,189,40.3,10.8,2.8,21.7,31.8666666666667,37.0666666666667,189
661,2026-04-25 17:30:00,"ITI Shahdra, Jhilmil Industrial Area, Delhi, Delhi, India",166,189,40.3,10.8,2.8,21.7,31.55,37.45,189
662,2026-04-25 18:30:00,"ITI Shahdra, Jhilmil Industrial Area, Delhi, Delhi, India",178,193,40.2,11.2,2.5,19.6,31.05,38.45,193
663,2026-04-25 19:30:00,"ITI Shahdra, Jhilmil Industrial Area, Delhi, Delhi, India",179,185,36.5,15.9,2.5,13.8,32.2,35.4,185
664,2026-04-25 19:30:00,"ITI Shahdra, Jhilmil Industrial Area, Delhi, Delhi, India",179,185,36.5,15.9,2.5,13.8,32.2,35.3333333333333,185
665,2026-04-25 20:30:00,"ITI Shahdra, Jhilmil Industrial Area, Delhi, Delhi, India",172,167,30.5,15.7,5,9.8,32,35.9,172
666,2026-04-25 21:30:00,"ITI Shahdra, Jhilmil Industrial Area, Delhi, Delhi, India",156,138,24.3,13.9,6.5,8.2,31.85,36.175,156
667,2026-04-25 21:30:00,"ITI Shahdra, Jhilmil Industrial Area, Delhi, Delhi, India",156,138,24.3,13.9,6.5,8.2,31.3333333333333,37.3666666666667,156
668,2026-04-25 22:30:00,"ITI Shahdra, Jhilmil Industrial Area, Delhi, Delhi, India",154,130,21.9,14.6,7.2,7.5,31,38.3,154
669,2026-04-25 23:30:00,"ITI Shahdra, Jhilmil Industrial Area, Delhi, Delhi, India",159,129,22.5,14.3,6.5,7.5,30.75,39.15,159
670,2026-04-25 23:30:00,"ITI Shahdra, Jhilmil Industrial Area, Delhi, Delhi, India",159,129,22.5,14.3,6.5,7.5,30.75,39.15,159
671,2026-04-26 03:30:00,"ITI Shahdra, Jhilmil Industrial Area, Delhi, Delhi, India",195,184,23.1,20,15.4,10.4,35.55,33.2,195
672,2026-04-26 05:30:00,"ITI Shahdra, Jhilmil Industrial Area, Delhi, Delhi, India",167,153,18,16.6,27.2,7.6,37.35,29.85,167
673,2026-04-26 07:30:00,"ITI Shahdra, Jhilmil Industrial Area, Delhi, Delhi, India",107,120,13.9,8,21.6,5,38,28.1,120
674,2026-04-26 08:30:00,"ITI Shahdra, Jhilmil Industrial Area, Delhi, Delhi, India",95,112,14.8,8,20.4,4.6,38.3,27.9,112
675,2026-04-26 09:30:00,"ITI Shahdra, Jhilmil Industrial Area, Delhi, Delhi, India",95,116,15.9,6.8,22.1,6.4,38.2,28.1,116
676,2026-04-26 10:30:00,"ITI Shahdra, Jhilmil Industrial Area, Delhi, Delhi, India",152,121,15.9,7,21.6,10,38.2,28.1,152
677,2026-04-26 11:30:00,"ITI Shahdra, Jhilmil Industrial Area, Delhi, Delhi, India",170,126,15.9,4.8,18.2,10.3,38.2,28.1,170
678,2026-04-26 11:30:00,"ITI Shahdra, Jhilmil Industrial Area, Delhi, Delhi, India",170,126,15.9,4.8,18.2,10.3,38.2,28.1,170
679,2026-04-26 13:30:00,"ITI Shahdra, Jhilmil Industrial Area, Delhi, Delhi, India",112,119,21.3,5.3,17.6,14.5,35.6,30.5,119
680,2026-04-26 13:30:00,"ITI Shahdra, Jhilmil Industrial Area, Delhi, Delhi, India",112,119,21.3,5.3,17.6,14.5,34.8666666666667,31.6666666666667,119
681,2026-04-26 14:30:00,"ITI Shahdra, Jhilmil Industrial Area, Delhi, Delhi, India",109,133,16.7,6,13.6,17.7,33.6,32.6,133
682,2026-04-26 15:30:00,"ITI Shahdra, Jhilmil Industrial Area, Delhi, Delhi, India",127,152,34.8,7.1,7.5,21.7,33.3,31.8,152
683,2026-04-26 15:30:00,"ITI Shahdra, Jhilmil Industrial Area, Delhi, Delhi, India",127,152,34.8,7.1,7.5,21.7,33.0333333333333,31.8666666666667,152
684,2026-04-26 16:30:00,"ITI Shahdra, Jhilmil Industrial Area, Delhi, Delhi, India",161,159,38.9,8.9,5.3,20.4,32.8,30.8,161
685,2026-04-26 17:30:00,"ITI Shahdra, Jhilmil Industrial Area, Delhi, Delhi, India",174,177,35.2,11.2,6,15.4,32.3,31.3,177
686,2026-04-26 18:30:00,"ITI Shahdra, Jhilmil Industrial Area, Delhi, Delhi, India",176,179,34.1,17.7,6,13.4,32.25,31.05,179
687,2026-04-26 18:30:00,"ITI Shahdra, Jhilmil Industrial Area, Delhi, Delhi, India",176,179,34.1,17.7,6,13.4,32.25,31.05,179
688,2026-04-26 18:30:00,"ITI Shahdra, Jhilmil Industrial Area, Delhi, Delhi, India",176,179,34.1,17.7,6,13.4,32.25,31.05,179
689,2026-04-26 18:30:00,"ITI Shahdra, Jhilmil Industrial Area, Delhi, Delhi, India",176,179,34.1,17.7,6,13.4,32.25,31.05,179
690,2026-04-26 18:30:00,"ITI Shahdra, Jhilmil Industrial Area, Delhi, Delhi, India",176,179,34.1,17.7,6,13.4,32.25,31.05,179
691,2026-04-26 18:30:00,"ITI Shahdra, Jhilmil Industrial Area, Delhi, Delhi, India",176,179,34.1,17.7,6,13.4,32.25,31.05,179
692,2026-04-26 18:30:00,"ITI Shahdra, Jhilmil Industrial Area, Delhi, Delhi, India",176,179,34.1,17.7,6,13.4,32.25,31.05,179
693,2026-04-26 23:30:00,"ITI Shahdra, Jhilmil Industrial Area, Delhi, Delhi, India",153,110,23.4,13.5,8.8,9.5,30.2,36.6,153
694,2026-04-27 01:30:00,"ITI Shahdra, Jhilmil Industrial Area, Delhi, Delhi, India",169,122,25.8,16.6,6.5,10.9,32,38.1,169
695,2026-04-27 04:30:00,"ITI Shahdra, Jhilmil Industrial Area, Delhi, Delhi, India",161,140,22.6,18.6,27.6,10,36.4,29.1,161
696,2026-04-27 06:30:00,"ITI Shahdra, Jhilmil Industrial Area, Delhi, Delhi, India",138,111,17.3,13,32.8,8.5,37.7,26.9666666666667,138
697,2026-04-27 06:30:00,"ITI Shahdra, Jhilmil Industrial Area, Delhi, Delhi, India",138,111,17.3,13,32.8,8.5,37.7,26.9666666666667,138
698,2026-04-27 11:30:00,"ITI Shahdra, Jhilmil Industrial Area, Delhi, Delhi, India",102,121,18.3,9.2,34.7,8.5,37.9,26.4,121
699,2026-04-27 12:30:00,"ITI Shahdra, Jhilmil Industrial Area, Delhi, Delhi, India",137,101,15.6,6.2,29.5,9.1,37.2,26.7666666666667,137
700,2026-04-27 12:30:00,"ITI Shahdra, Jhilmil Industrial Area, Delhi, Delhi, India",137,101,15.6,6.2,29.5,9.1,33,33.4,137
701,2026-04-27 16:30:00,"ITI Shahdra, Jhilmil Industrial Area, Delhi, Delhi, India",180,158,16.7,5.3,13.4,8.6,32.675,35.675,180
702,2026-04-27 17:30:00,"ITI Shahdra, Jhilmil Industrial Area, Delhi, Delhi, India",153,675,15.3,5,13.4,8.8,32.7,33.9,675
703,2026-04-27 19:30:00,"ITI Shahdra, Jhilmil Industrial Area, Delhi, Delhi, India",77,80,18.5,3.4,9.6,11.1,32.55,33.5,80
704,2026-04-27 20:30:00,"ITI Shahdra, Jhilmil Industrial Area, Delhi, Delhi, India",59,52,20.4,4.5,8.1,11.3,32.675,33.275,59
705,2026-04-27 21:30:00,"ITI Shahdra, Jhilmil Industrial Area, Delhi, Delhi, India",72,72,19,7.4,8.3,11.8,32,34.8,72
706,2026-04-27 21:30:00,"ITI Shahdra, Jhilmil Industrial Area, Delhi, Delhi, India",72,72,19,7.4,8.3,11.8,31.6,36.6333333333333,72
707,2026-04-27 22:30:00,"ITI Shahdra, Jhilmil Industrial Area, Delhi, Delhi, India",139,111,14.2,7.6,10.3,11.1,31.05,38.6,139
708,2026-04-28 00:30:00,"ITI Shahdra, Jhilmil Industrial Area, Delhi, Delhi, India",89,132,19.1,14.3,7.4,11.3,30.5,41.1,132
709,2026-04-28 04:30:00,"ITI Shahdra, Jhilmil Industrial Area, Delhi, Delhi, India",152,192,14.9,8.8,16.2,12.5,34.1,34.65,192
710,2026-04-28 06:30:00,"ITI Shahdra, Jhilmil Industrial Area, Delhi, Delhi, India",122,159,11.9,8.5,18.5,10.9,34.95,33.35,159
711,2026-04-28 09:30:00,"ITI Shahdra, Jhilmil Industrial Area, Delhi, Delhi, India",87,148,11.3,7.9,24.3,11.2,35.7,32.8333333333333,148
712,2026-04-28 10:30:00,"ITI Shahdra, Jhilmil Industrial Area, Delhi, Delhi, India",101,134,12.2,8.5,27.6,11.8,35.05,33.7,134
713,2026-04-28 12:30:00,"ITI Shahdra, Jhilmil Industrial Area, Delhi, Delhi, India",105,138,15.5,8.4,26.2,13.6,35.05,33.7,138
714,2026-04-28 16:30:00,"ITI Shahdra, Jhilmil Industrial Area, Delhi, Delhi, India",167,193,22.9,24.7,12.1,20.4,31.55,43.65,193
715,2026-04-28 18:30:00,"ITI Shahdra, Jhilmil Industrial Area, Delhi, Delhi, India",171,212,20.6,13.1,9.5,17.2,31.2,43.1,212
716,2026-04-28 19:30:00,"ITI Shahdra, Jhilmil Industrial Area, Delhi, Delhi, India",173,196,22.5,19.9,8.8,13.6,31.1,43.55,196
717,2026-04-28 20:30:00,"ITI Shahdra, Jhilmil Industrial Area, Delhi, Delhi, India",168,184,19.7,20,10.8,12.9,31.1,42.85,184
718,2026-04-28 21:30:00,"ITI Shahdra, Jhilmil Industrial Area, Delhi, Delhi, India",165,195,14.9,9.8,12.5,10.2,29.95,44.4,195
719,2026-04-28 22:30:00,"ITI Shahdra, Jhilmil Industrial Area, Delhi, Delhi, India",153,283,13.3,6.5,12.5,8.2,29.55,44.5,283
720,2026-04-28 23:30:00,"ITI Shahdra, Jhilmil Industrial Area, Delhi, Delhi, India",105,116,13.7,6.9,10.4,8.4,30,43.9,116
721,2026-04-29 03:30:00,"ITI Shahdra, Jhilmil Industrial Area, Delhi, Delhi, India",112,66,21.6,7.7,2.9,14.5,31.5,43.8,112
722,2026-04-29 05:30:00,"ITI Shahdra, Jhilmil Industrial Area, Delhi, Delhi, India",124,73,24.2,10.6,6.8,12.7,32.0666666666667,39.8,124
723,2026-04-29 08:30:00,"ITI Shahdra, Jhilmil Industrial Area, Delhi, Delhi, India",100,79,14.7,14.4,17.5,8.6,33.5,36.075,100
724,2026-04-29 09:30:00,"ITI Shahdra, Jhilmil Industrial Area, Delhi, Delhi, India",83,71,12.7,8.4,19.5,8.2,34.2,34.6666666666667,83
725,2026-04-29 11:30:00,"ITI Shahdra, Jhilmil Industrial Area, Delhi, Delhi, India",85,71,12.9,9.8,26.9,8.2,34.4,33.8,85
726,2026-04-29 13:30:00,"ITI Shahdra, Jhilmil Industrial Area, Delhi, Delhi, India",91,82,15.2,6.5,19.9,9.8,31.6666666666667,40.6333333333333,91
727,2026-04-29 15:30:00,"ITI Shahdra, Jhilmil Industrial Area, Delhi, Delhi, India",151,123,23.2,8,11.9,12.7,30.7,43,151
728,2026-04-29 17:30:00,"ITI Shahdra, Jhilmil Industrial Area, Delhi, Delhi, India",152,117,27,63.4,5.8,14.5,29.675,46.8,152
729,2026-04-29 18:30:00,"ITI Shahdra, Jhilmil Industrial Area, Delhi, Delhi, India",158,124,29.7,61.8,3.9,15.4,28.75,50.55,158
730,2026-04-29 19:30:00,"ITI Shahdra, Jhilmil Industrial Area, Delhi, Delhi, India",164,126,33.4,44.3,2.9,16.5,28.5333333333333,51.6666666666667,164
731,2026-04-29 20:30:00,"ITI Shahdra, Jhilmil Industrial Area, Delhi, Delhi, India",165,126,35.4,17.1,2.2,16.1,28.6,50.9,165
732,2026-04-29 21:30:00,"ITI Shahdra, Jhilmil Industrial Area, Delhi, Delhi, India",167,125,30.2,9.7,2.6,13.6,28.75,49.45,167
733,2026-04-29 22:30:00,"ITI Shahdra, Jhilmil Industrial Area, Delhi, Delhi, India",161,114,21.8,9.3,3.3,11.8,28.9666666666667,48.6333333333333,161
734,2026-04-30 00:30:00,"ITI Shahdra, Jhilmil Industrial Area, Delhi, Delhi, India",166,99,20.5,12.2,4.1,11.8,28.4666666666667,52.4333333333333,166
735,2026-04-30 04:30:00,"ITI Shahdra, Jhilmil Industrial Area, Delhi, Delhi, India",172,132,20.4,18.7,18.6,12.7,33.8333333333333,38.4333333333333,172
736,2026-04-30 06:30:00,"ITI Shahdra, Jhilmil Industrial Area, Delhi, Delhi, India",161,129,15.2,16.8,29.1,11.4,34.75,36.75,161
737,2026-04-30 08:30:00,"ITI Shahdra, Jhilmil Industrial Area, Delhi, Delhi, India",148,113,13.8,11.4,25.7,10,33.4,40.7666666666667,148
738,2026-04-30 09:30:00,"ITI Shahdra, Jhilmil Industrial Area, Delhi, Delhi, India",114,99,15,11.7,24.1,10.9,33.25,41.15,114
739,2026-04-30 09:30:00,"ITI Shahdra, Jhilmil Industrial Area, Delhi, Delhi, India",114,99,15,11.7,24.1,10.9,33.25,41.15,114
740,2026-04-30 09:30:00,"ITI Shahdra, Jhilmil Industrial Area, Delhi, Delhi, India",114,99,15,11.7,24.1,10.9,33.25,41.15,114
741,2026-04-30 09:30:00,"ITI Shahdra, Jhilmil Industrial Area, Delhi, Delhi, India",114,99,15,11.7,24.1,10.9,33.25,41.15,114
742,2026-04-30 09:30:00,"ITI Shahdra, Jhilmil Industrial Area, Delhi, Delhi, India",114,99,15,11.7,24.1,10.9,33.25,41.15,114
743,2026-04-30 09:30:00,"ITI Shahdra, Jhilmil Industrial Area, Delhi, Delhi, India",114,99,15,11.7,24.1,10.9,33.25,41.15,114
744,2026-04-30 09:30:00,"ITI Shahdra, Jhilmil Industrial Area, Delhi, Delhi, India",114,99,15,11.7,24.1,10.9,33.25,41.15,114
745,2026-04-30 09:30:00,"ITI Shahdra, Jhilmil Industrial Area, Delhi, Delhi, India",114,99,15,11.7,24.1,10.9,33.25,41.15,114
746,2026-04-30 09:30:00,"ITI Shahdra, Jhilmil Industrial Area, Delhi, Delhi, India",114,99,15,11.7,24.1,10.9,33.25,41.15,114
747,2026-04-30 09:30:00,"ITI Shahdra, Jhilmil Industrial Area, Delhi, Delhi, India",114,99,15,11.7,24.1,10.9,33.25,41.15,114
748,2026-04-30 09:30:00,"ITI Shahdra, Jhilmil Industrial Area, Delhi, Delhi, India",114,99,15,11.7,24.1,10.9,33.25,41.15,114
749,2026-04-30 09:30:00,"ITI Shahdra, Jhilmil Industrial Area, Delhi, Delhi, India",114,99,15,11.7,24.1,10.9,33.25,41.15,114
750,2026-04-30 09:30:00,"ITI Shahdra, Jhilmil Industrial Area, Delhi, Delhi, India",114,99,15,11.7,24.1,10.9,33.25,41.15,114
751,2026-04-30 09:30:00,"ITI Shahdra, Jhilmil Industrial Area, Delhi, Delhi, India",114,99,15,11.7,24.1,10.9,33.25,41.15,114
752,2026-05-01 09:30:00,"ITI Shahdra, Jhilmil Industrial Area, Delhi, Delhi, India",94,71,13,6.4,22,12.7,32.85,42.5,94
753,2026-05-01 10:30:00,"ITI Shahdra, Jhilmil Industrial Area, Delhi, Delhi, India",102,73,14,6.6,24.5,12.7,33.0666666666667,42.1,102
754,2026-05-01 11:30:00,"ITI Shahdra, Jhilmil Industrial Area, Delhi, Delhi, India",110,79,14.8,7.3,25.5,12.7,32.55,43.45,110
755,2026-05-01 13:30:00,"ITI Shahdra, Jhilmil Industrial Area, Delhi, Delhi, India",112,87,16.2,6.3,23,13.8,30.7,49.5,112
756,2026-05-01 14:30:00,"ITI Shahdra, Jhilmil Industrial Area, Delhi, Delhi, India",112,89,25.5,5.8,14.4,16.8,30.45,50.425,112
757,2026-05-01 15:30:00,"ITI Shahdra, Jhilmil Industrial Area, Delhi, Delhi, India",145,116,27.8,12.1,8.2,18.3,29.9,52.55,145
758,2026-05-01 15:30:00,"ITI Shahdra, Jhilmil Industrial Area, Delhi, Delhi, India",145,116,27.8,12.1,8.2,18.3,30,51.5,145